id,name,hire_date,department_id,job_id
1,Jean Thiel,2044-09-08T07:50:08.447,2,79
2,Peggy Runolfsdottir,2078-03-05T19:38:55.166,5,6
3,Heidi Windler V,2058-07-17T06:44:00.183,2,61
4,Lucas Howe,2096-08-20T04:18:27.151,9,99
5,Phillip Strosin,2023-10-13T07:25:11.579,1,9
6,Sylvia Langosh,2070-01-17T13:49:20.164,6,40
7,Katie Bernhard,2026-02-09T03:46:19.479,6,100
8,David Mayer,2016-04-19T00:32:31.521,9,108
9,Wendy Schmidt,2051-02-19T14:39:08.464,11,83
10,Samuel Wisoky,1991-07-14T16:04:24.722,8,13
11,Roland McKenzie,2069-09-25T19:08:30.621,5,183
12,Darrell O'Hara,2032-02-21T05:10:45.366,8,14
13,Dr. Donnie Stark,2052-02-02T06:40:57.019,4,151
14,Irma Dickinson,2072-02-21T08:43:35.274,11,56
15,Joy O'Conner,2072-08-05T13:53:16.294,12,170
16,Rosalie Muller,1998-08-26T10:13:37.145,9,168
17,Elias Stroman,1999-07-18T11:26:56.130,8,10
18,Hubert Champlin,2057-03-28T10:50:35.472,11,145
19,Monique Greenfelder,2066-05-15T12:27:15.265,3,78
20,Cathy Marquardt,2092-11-25T15:38:37.220,11,104
21,Cornelius Smith,2016-02-13T12:31:24.428,6,180
22,Lionel Wisozk,2090-02-03T19:49:33.289,10,35
23,Raymond Halvorson,2005-08-07T00:30:06.859,6,167
24,Tyler Hegmann,2097-03-10T22:32:04.980,12,150
25,Marvin Sporer III,2062-09-02T08:29:00.761,3,148
26,Wendell Little,2037-07-26T15:49:33.692,1,150
27,Sherri Schaefer III,2067-07-19T10:30:21.278,1,122
28,Miguel Friesen,2054-12-08T20:19:48.408,3,103
29,Kerry Mills I,2047-08-05T05:40:44.113,7,124
30,Carl Ferry,2077-05-29T04:41:43.090,10,61
31,Paula Emard I,2042-10-01T12:28:06.574,10,102
32,Emmett Hermann,2037-05-06T01:19:20.631,11,138
33,Terence Emmerich,2026-02-11T22:40:17.101,11,105
34,Dexter Schmitt,2049-04-12T10:26:26.354,5,109
35,Mamie Hermiston,2040-09-23T07:42:49.929,9,139
36,Jim Predovic,2076-01-29T23:19:03.106,3,5
37,Elizabeth Beer,2052-07-05T02:44:27.604,7,93
38,Kelvin Kuvalis,2087-12-09T14:32:50.329,5,161
39,Andres Kunze,2052-05-07T14:42:00.485,5,46
40,Genevieve Buckridge,2008-02-28T18:35:50.937,3,21
41,Ms. Brandon Lynch,2010-01-14T18:13:54.861,1,29
42,Sam Schowalter,2044-04-30T08:04:37.266,8,132
43,Henrietta Bahringer,2022-10-27T06:36:24.063,2,158
44,Abel Nitzsche,2048-08-23T14:49:24.168,12,93
45,Harold Kozey,2058-11-04T15:15:05.040,2,174
46,Sophia Heaney,2020-08-12T01:59:36.476,8,164
47,Darrel Franey,2009-08-16T05:56:16.446,11,50
48,Mrs. Allison Littel,2094-02-11T07:43:28.627,6,137
49,Edith Maggio,1998-05-24T02:58:13.439,1,138
50,Kristi Stehr,2067-10-30T09:45:02.481,8,43
51,Lucas Dach,2047-06-22T00:32:38.730,1,15
52,Douglas Legros,2082-04-02T19:15:42.066,2,51
53,Delores Pollich,2061-11-01T00:48:21.280,2,7
54,Willard Littel,2032-07-03T23:15:03.091,7,87
55,Rickey Weber,1992-12-13T07:57:45.036,6,30
56,Peggy Rath,2062-05-22T08:38:01.396,11,146
57,Fannie Powlowski,2016-11-08T17:45:33.845,8,84
58,Gary Crist,2098-09-22T10:46:37.312,11,8
59,Lynda Haley,2089-03-20T12:07:03.221,7,146
60,Cameron Kuvalis,2070-04-21T16:09:05.793,8,134
61,Roosevelt Rosenbaum,2088-05-25T14:52:48.656,4,163
62,Lawrence Keeling,2031-08-05T01:20:30.378,12,69
63,Miss Alejandro Steuber,2094-04-05T11:53:37.596,11,147
64,Irma Murazik,2001-12-28T16:05:01.512,4,83
65,Dana Donnelly,2042-01-25T09:23:25.075,11,46
66,Laverne Sipes,2000-06-08T19:03:46.850,12,146
67,Brett Blanda,2002-10-02T10:51:36.366,3,111
68,Terri Hayes,2081-10-26T14:37:24.886,12,63
69,Ms. Norma Nolan,2048-11-02T12:41:20.160,9,89
70,Ronnie Roob,2092-09-14T11:57:14.415,10,23
71,Miss Harry Brakus,2040-09-13T22:33:10.621,7,91
72,Arturo Swaniawski IV,2003-04-08T10:43:44.179,3,144
73,Leslie Bahringer,2019-07-21T14:32:56.525,3,92
74,Nettie Baumbach,2036-02-22T14:24:59.920,6,92
75,Miss Ira Pouros,2038-09-25T22:33:35.786,8,61
76,Tracy Conn Jr.,1998-01-21T15:09:30.117,8,3
77,Darlene Crooks,2084-08-08T17:28:06.453,7,98
78,Ms. Francis Kilback,2031-09-14T10:51:37.598,9,67
79,Rudolph Klein,1997-02-19T12:23:01.822,3,41
80,Lana Murazik,2003-12-24T09:55:59.304,9,47
81,Mrs. Jodi Zboncak,2038-08-11T23:04:10.063,5,9
82,Megan Schinner,2039-08-26T21:19:56.001,11,11
83,Latoya Barrows,2087-07-10T20:22:20.504,2,167
84,Ben O'Kon,2049-07-29T18:00:41.551,5,36
85,Al Lakin,2052-12-03T00:29:29.311,10,77
86,Leon Bogan,2023-12-17T10:11:51.392,1,33
87,Levi Rempel,2071-09-02T08:22:29.525,3,41
88,Nancy Turcotte,2016-09-20T04:07:56.383,7,155
89,Ms. Johnny Wolff,1995-12-20T23:59:29.267,9,88
90,Tasha Predovic,2028-04-24T04:52:51.624,8,2
91,Dr. Roman Hoeger,2022-11-08T08:50:55.193,11,1
92,Raul Hintz,2019-11-28T00:37:58.131,8,12
93,Jessie Funk,2016-08-03T21:25:10.349,8,43
94,Leroy Boehm,2032-07-06T10:13:07.800,10,55
95,Carroll Effertz,2085-12-31T04:17:08.495,9,97
96,Owen Morar,2061-03-12T08:46:52.518,8,162
97,Mathew Grant,2056-08-17T00:21:51.889,12,99
98,Danny Fritsch,1993-07-23T14:27:45.403,12,23
99,Eileen Leffler,1990-03-24T17:48:35.417,2,67
100,Lorene Nicolas,2020-12-08T12:52:30.180,8,43
101,Matt Nolan,2082-04-03T17:17:22.515,8,162
102,Colleen Bayer,2041-05-26T04:43:18.346,9,96
103,Brett Wisoky,2011-06-08T00:05:02.237,3,56
104,Al Corkery,2077-08-24T01:35:36.191,4,37
105,Krystal Mills,2059-10-19T09:05:58.470,4,135
106,Shelley Walter,2035-05-12T00:42:27.720,7,69
107,Mitchell Beier,2037-04-20T13:58:30.739,11,129
108,Dr. Tonya Dach,2040-12-21T23:05:15.536,7,37
109,Angelina Dare,2052-02-04T15:26:19.111,3,111
110,Dean Roob,2025-08-11T16:08:21.560,9,109
111,Robyn MacGyver,2063-03-12T08:08:24.452,5,114
112,Franklin Hilpert,2064-12-24T01:33:43.850,12,32
113,Joan Hahn,2002-01-02T12:17:51.048,5,135
114,Danielle Larson,2035-06-10T17:48:44.477,1,106
115,Diane Grant,2001-09-03T13:19:48.491,6,22
116,Willie Koepp,1991-06-14T14:49:33.704,7,138
117,Julie Dicki Jr.,2004-03-08T13:38:46.621,5,85
118,Ramon Zulauf,2034-04-14T00:24:17.361,4,60
119,Mrs. Scott Rolfson,2077-07-01T15:36:14.032,5,20
120,Jasmine Padberg PhD,2077-07-08T07:10:50.289,3,70
121,Shelia Feeney,2051-09-17T14:31:09.660,5,140
122,Lori Gibson,1993-06-03T08:23:50.637,11,87
123,Connie Pollich,2090-03-25T21:47:46.061,8,39
124,Johnnie Towne,2093-08-08T13:10:46.098,3,106
125,Abraham Simonis,2069-04-25T09:53:00.428,7,41
126,Ms. Lori Schimmel,1992-09-15T22:36:06.767,10,80
127,Mr. Paulette Huels DVM,2055-05-15T01:12:33.737,5,107
128,Elijah Jaskolski DVM,2069-06-26T14:12:00.154,9,11
129,Ms. Antonio Wilkinson,2082-01-26T03:35:42.268,7,100
130,Carol Corwin,2013-05-04T12:36:59.846,10,116
131,Connie Block,2065-05-27T05:19:10.030,12,1
132,Johnathan Bogisich,2071-01-06T01:02:09.201,10,110
133,Gina Wisoky,2055-10-11T20:14:01.305,12,12
134,Mr. Terrell Sipes Sr.,2055-04-08T18:05:30.806,5,178
135,Irma Williamson,2049-03-19T11:21:17.824,7,181
136,Juana Rath,2088-04-17T18:10:33.782,12,95
137,Katherine Wiza,2028-03-22T16:10:21.847,4,136
138,Otis Mueller,2056-09-13T09:24:40.937,11,59
139,Armando Ziemann III,2044-03-27T23:01:43.262,4,2
140,Mr. Madeline Prosacco,2054-11-04T00:57:06.550,4,122
141,Alton Donnelly II,2091-12-18T00:16:09.017,11,144
142,Lorraine Renner,2065-11-15T22:53:11.153,11,147
143,Miss Lorraine Reichert,2071-12-11T09:14:36.958,6,88
144,Elaine Williamson,2085-10-31T00:10:56.464,2,27
145,Melba Hirthe,2067-04-13T11:30:21.952,7,95
146,Danielle Rice,1994-12-13T16:23:09.795,12,30
147,Sammy Jaskolski II,2062-11-03T22:25:14.474,8,121
148,Lynn Lebsack,2073-08-24T06:07:47.639,7,55
149,Mr. Kirk Lind,2056-08-13T15:38:28.722,4,64
150,Allison Stanton,2039-09-05T17:19:11.071,6,53
151,Edmund Stehr,2035-04-26T18:08:02.271,4,28
152,Harvey Streich,2095-08-15T13:29:51.558,1,103
153,Cary Hahn,2032-03-03T17:43:43.763,8,41
154,Geraldine Schimmel,2042-12-22T05:36:08.780,8,54
155,Melinda Haley,2020-03-20T17:05:52.127,3,23
156,Mrs. Jeremy Hessel,2028-12-21T05:22:50.806,3,122
157,Renee Schmitt,2052-02-29T11:14:43.422,11,135
158,Dennis Gerlach,2065-03-21T11:55:50.351,12,26
159,Mae Smitham,2053-06-30T20:54:17.608,11,108
160,Roberta Gutkowski,2094-07-25T04:39:09.099,2,137
161,Francis Hermiston,2098-05-09T18:05:54.039,1,99
162,Miss Susan Wiza,1997-03-05T19:32:49.782,7,44
163,Erika Harber,1993-04-15T09:40:48.095,4,6
164,Juan Nicolas,1996-06-01T19:51:37.349,1,101
165,Stephanie Ziemann,2071-08-20T16:51:22.491,5,21
166,Boyd Lehner,2065-03-14T19:06:38.961,8,58
167,Bill Kutch,2066-06-26T07:44:57.262,12,18
168,Henrietta Wilderman,2079-05-07T15:13:21.860,3,31
169,Rochelle Fadel,1993-08-25T02:25:31.879,9,72
170,Mack Graham,2017-06-03T19:18:46.766,6,85
171,Violet Heller,2065-05-07T06:40:02.519,5,73
172,Heather Runte III,2088-04-03T16:47:31.107,2,97
173,Mrs. Billie Bartell,2090-08-18T13:54:28.208,8,179
174,Mrs. Alvin Heller,2050-12-24T21:46:19.049,7,133
175,Domingo Hegmann V,2022-05-02T01:49:58.632,11,139
176,Mindy Stracke,2012-08-27T07:23:56.904,4,6
177,Luke Runte,2074-07-14T15:26:21.487,9,75
178,Doris Bins,1990-11-27T22:00:24.410,7,154
179,Bert Durgan,2016-04-11T06:30:31.801,10,20
180,Morris Smitham,2028-09-17T01:28:37.224,10,149
181,Kathryn Greenfelder,2082-11-08T07:48:03.183,1,81
182,Jesse Dickinson,2046-12-22T03:15:59.537,9,181
183,Bennie Dare,2081-04-15T10:00:33.551,4,69
184,Grace Fay V,2088-06-13T05:54:33.060,5,59
185,Mitchell Ullrich,2017-03-22T10:32:33.176,11,55
186,Phyllis Pollich,2093-08-14T02:31:37.623,7,127
187,Genevieve Tillman,2098-02-17T06:25:37.524,12,20
188,Conrad Heller III,2026-03-17T04:39:56.843,9,112
189,Mr. Terry White,2015-01-09T13:57:30.538,9,96
190,Camille Gibson,1990-10-02T12:43:41.437,1,28
191,Mary Hintz,2085-04-30T16:18:57.534,11,83
192,Lila Hoeger,2005-05-15T06:26:54.405,6,144
193,Randolph Hickle,2076-04-09T00:38:53.334,4,1
194,Tommie Hills PhD,2027-07-24T03:16:45.621,2,177
195,Toni Krajcik,2064-06-20T21:36:46.344,3,130
196,Tamara Feeney,2037-08-25T15:06:01.236,9,59
197,Dr. Catherine Ryan,2031-01-31T05:25:02.815,5,48
198,Debra O'Kon,2070-10-18T06:03:53.070,12,151
199,Johnnie Wiza,2081-08-28T05:57:24.673,1,156
200,Kevin Altenwerth,2015-08-08T14:58:45.077,5,42
201,Patricia Cassin,2030-02-16T10:05:08.645,11,19
202,Clay DuBuque,2010-12-11T13:05:46.801,9,46
203,Edmond Zemlak,2051-12-22T15:44:26.473,7,110
204,Alison Tremblay,2080-09-14T09:44:40.534,8,53
205,Jan Larkin,2060-11-02T06:15:00.470,7,43
206,Verna Metz,2016-07-18T02:03:53.672,3,49
207,Angelina Bashirian,2001-03-19T10:57:22.606,8,40
208,Chad Crooks,2094-11-14T16:53:42.147,11,116
209,Barbara Ziemann,2071-09-20T15:14:16.422,4,84
210,Vivian Cremin Sr.,1993-10-14T08:53:09.118,7,130
211,Dewey Pollich,2038-04-01T21:56:15.905,8,12
212,Trevor Ernser,2068-05-04T09:03:54.907,7,178
213,Conrad Sanford,2065-10-25T15:47:28.904,10,42
214,Nettie Wuckert,2067-07-22T18:40:25.708,2,102
215,Lillian Ebert,2003-11-07T08:14:40.501,9,5
216,Lorraine Greenfelder,2088-10-01T21:57:12.796,5,60
217,Angelica Hilpert IV,2081-09-03T09:24:57.076,11,46
218,Fernando Bernhard Jr.,2077-11-25T13:23:35.222,10,82
219,Sylvia Stiedemann,2002-12-08T08:41:50.990,6,104
220,Jill Donnelly,2099-01-26T02:13:01.172,12,90
221,George Mayer,2036-07-24T22:30:58.064,8,155
222,Vernon Fadel V,2006-05-16T14:57:28.659,4,95
223,Lucia Murphy,2067-10-20T12:44:06.556,6,155
224,Shannon Gutkowski,2058-03-16T16:14:36.374,3,113
225,Gordon Predovic,2071-03-16T04:30:08.983,11,83
226,Miss Velma Huels MD,2074-06-19T17:40:54.524,6,176
227,Cathy Kris,2010-07-22T19:00:00.300,7,162
228,Willie Beatty,2076-07-20T07:59:22.420,7,135
229,Roger Ferry,2097-05-08T00:54:38.084,9,112
230,Winston Bernier,2061-11-27T03:09:24.376,8,103
231,Yvonne Cremin,2081-01-31T12:58:10.555,2,18
232,Erin Bernhard,2085-01-25T06:23:13.663,4,137
233,Josephine Mayert,2055-04-06T22:45:08.948,1,52
234,Alejandro Conroy,2014-03-19T06:14:34.222,9,90
235,May O'Keefe DVM,2000-11-16T03:43:32.007,10,33
236,Rose Jones,2091-01-20T16:27:11.481,4,181
237,Jake Schulist,1991-02-18T02:56:55.930,4,12
238,Natasha Armstrong,2024-08-28T01:43:50.920,8,51
239,Shelia Lockman III,2079-08-08T22:07:52.129,8,172
240,Sara Feest III,2060-05-25T02:03:40.896,6,174
241,Irma Lang II,2083-07-27T02:21:26.352,7,153
242,Wanda West,2030-07-03T10:22:10.367,11,167
243,Stuart Carter,2013-08-10T16:46:35.260,12,78
244,Charles Ernser,2073-02-13T03:20:25.309,11,34
245,Paula Cruickshank,2021-02-13T21:02:16.612,3,60
246,Antoinette Bechtelar,2051-04-30T14:01:02.697,4,174
247,Donnie Batz,2043-01-29T09:52:36.945,4,165
248,Felipe Schulist,1996-12-01T04:35:13.508,11,133
249,Deanna Treutel,2091-05-16T16:49:48.649,7,43
250,Terrance Hyatt,2068-07-05T12:48:42.555,4,160
251,Tiffany Bernier,2052-10-31T14:55:11.222,6,30
252,Billy Wilderman III,1998-01-18T16:58:05.557,6,62
253,Marcia Wilkinson,2005-02-26T08:54:45.704,11,95
254,Salvador Jacobson I,2003-12-15T00:05:12.490,12,40
255,Jonathan Donnelly,2044-05-31T14:11:11.051,6,41
256,Joshua Abshire,2000-02-29T18:16:41.692,9,86
257,Travis Romaguera,2077-11-22T05:47:36.405,2,114
258,Abraham Gleason,2054-09-01T11:44:39.680,4,176
259,Mrs. Joanne Collier,2097-01-11T11:41:20.843,5,137
260,Roman Yost,2084-05-04T11:45:56.694,11,3
261,Katie Johnston,1993-03-01T05:07:26.429,4,106
262,Dave Erdman,2095-04-08T14:27:12.717,11,5
263,Gina Pagac,2073-06-20T00:38:03.475,2,92
264,Claude Gutmann V,2078-01-08T20:03:58.551,5,151
265,Sylvester Rolfson,2084-06-05T17:24:40.573,7,69
266,Enrique Kunze,2070-01-05T03:52:42.124,5,171
267,Stanley Reilly,2016-02-11T04:25:32.855,2,19
268,Roland Fritsch,2005-11-17T23:50:42.872,12,18
269,Jamie Wilkinson,2081-04-25T23:56:33.145,10,41
270,Darla Carroll,2004-09-18T22:56:50.427,6,114
271,Kristie Orn,1990-06-04T13:32:28.321,10,128
272,Annette Hodkiewicz,1994-11-02T08:20:14.938,12,89
273,Mattie McCullough,2032-03-27T20:51:57.491,3,54
274,Mr. Alfredo Haley,1993-11-10T08:22:18.359,4,12
275,Myron Cummings,2022-06-29T07:16:41.766,4,166
276,Ethel Stark,2089-10-13T06:50:59.084,3,103
277,Brent Quigley,2026-05-13T04:22:31.603,3,34
278,Franklin Shanahan,2075-10-20T01:44:55.173,7,170
279,Mrs. Vincent Gerlach,2084-08-28T04:29:43.351,10,76
280,Carl Collins,2064-12-11T21:48:49.541,4,43
281,Sophie Vandervort,2022-04-12T04:17:27.786,3,117
282,Earl Steuber,2032-02-09T16:46:21.000,4,132
283,Yvonne Kulas,2039-09-19T03:32:01.287,1,74
284,Dianna Cremin,2007-01-06T09:27:28.602,8,168
285,Ernesto Gorczany,2099-12-18T16:10:03.995,11,116
286,Paula Rosenbaum,2076-05-18T10:55:58.329,11,22
287,Josephine Ferry,2075-10-26T13:18:59.795,9,150
288,June Murray,2068-09-26T10:33:33.633,2,84
289,Alyssa Dibbert,2006-02-03T07:11:56.104,7,170
290,Allison Shields,2008-03-14T06:24:06.489,11,181
291,Lynette Kovacek,2055-09-09T18:53:49.657,1,56
292,Neal Murazik,2003-10-20T19:32:27.557,5,12
293,Sam Hickle,2096-10-04T09:18:57.387,7,72
294,Marian Collier,2028-06-16T20:34:17.806,1,172
295,Stacy Ratke I,2033-03-17T17:57:54.101,2,124
296,Darla Hermiston,2083-12-15T07:21:45.350,7,87
297,Miss Brendan Hettinger,2059-10-22T16:21:32.021,8,22
298,Orville Dickinson,2046-05-21T05:41:02.599,12,143
299,Ira Reinger,2015-02-20T02:12:39.377,10,95
300,Mr. Alma Kulas,2077-11-18T17:39:08.846,7,83
301,Della Spencer,2062-10-13T08:22:15.891,1,136
302,Curtis Lueilwitz,2021-12-30T09:28:19.090,10,130
303,Jacqueline Schoen I,2012-09-21T09:57:45.505,9,120
304,Ken Boyle,1990-03-05T19:44:05.732,9,174
305,Mrs. Mercedes Ernser,2072-07-07T07:42:46.273,12,77
306,Dr. Jeffery Bergnaum III,2087-03-12T21:07:08.153,8,20
307,Julius Ondricka,2051-06-27T00:33:37.466,4,166
308,Belinda Ebert,2087-04-14T07:34:26.601,7,137
309,Marguerite Predovic,2021-09-18T00:53:36.002,1,45
310,Pam Yost,2026-01-13T12:22:49.114,4,42
311,Marty Reichel DVM,2050-08-13T01:40:44.081,5,130
312,Angel Fahey,2006-10-30T21:11:01.984,5,73
313,Ira Hermiston PhD,2032-09-02T16:51:17.750,8,29
314,Aubrey Wiegand,2048-01-10T08:45:26.565,5,82
315,Clifton Collins,2003-10-23T17:28:46.907,8,61
316,Bryan Berge,2007-07-22T10:10:49.034,12,119
317,Dr. Gloria Schamberger,2072-03-18T11:58:06.209,1,122
318,Carole Pfeffer,1999-09-19T21:12:52.128,9,148
319,Blanche Pollich,2003-08-09T11:36:00.235,6,150
320,Adrienne Schaden,2041-02-24T14:21:11.272,12,117
321,Gabriel Hackett,2064-05-13T02:13:22.118,12,142
322,Miss Bridget Bode,1998-10-12T17:33:26.601,7,74
323,Lorenzo Davis,2089-01-03T01:27:40.906,6,18
324,Kristie West,2014-04-25T16:40:19.947,3,139
325,Elias Schneider,2059-04-07T10:30:01.980,12,49
326,Mr. Harold Wintheiser,2021-04-16T16:28:21.407,1,99
327,Catherine Beahan,1994-04-26T23:44:09.780,4,120
328,Martha Gerlach,2036-11-18T14:45:35.608,11,79
329,Dr. Alfred Terry Jr.,2033-09-18T08:07:18.524,9,89
330,Arnold Gutmann,2077-06-07T21:47:02.381,7,150
331,Kurt Mante,2049-04-10T18:58:26.349,2,85
332,Erick Conroy,2046-12-02T11:10:02.449,2,93
333,Jerald Mosciski DVM,2050-09-09T18:42:50.524,1,94
334,Anna Schuppe DVM,2074-06-14T18:41:44.237,9,133
335,Reginald West,2030-03-07T08:26:04.363,7,109
336,Patricia Ullrich Jr.,2046-01-18T14:29:57.338,11,75
337,Dr. Ira Roob,2079-10-22T07:19:25.870,11,175
338,Agnes Larson,2077-11-07T09:25:30.365,7,147
339,John Jacobi,2038-03-15T20:58:41.932,2,91
340,Ada Rodriguez,2075-09-17T07:08:54.383,7,149
341,Felipe Bernhard,2095-04-04T19:48:34.161,3,136
342,Candace Bergstrom,2031-04-03T00:16:49.065,9,42
343,Kay Haley,2013-06-18T18:43:59.473,9,156
344,Ken Auer,2039-12-17T16:12:44.980,12,118
345,Jeannette Roberts,1997-07-02T15:28:04.173,2,28
346,Isaac Schiller,1994-06-30T19:35:57.122,5,35
347,Mrs. Evelyn Kirlin,2073-03-25T21:48:52.558,12,134
348,Shannon Pfannerstill,2091-01-18T01:21:31.628,1,154
349,Mindy Batz,2030-07-09T20:52:20.777,8,169
350,Antonia Hammes,2021-04-13T16:45:33.859,8,118
351,Rhonda Lebsack,2067-10-11T20:51:31.555,11,9
352,Merle Jacobi,2077-09-01T00:33:35.003,12,79
353,Ellis Hane I,2056-06-03T02:10:16.359,11,62
354,Vanessa Yundt,2036-08-21T05:30:04.389,3,100
355,Mrs. Dianne Pollich,2045-01-27T12:30:18.344,9,30
356,Zachary Mitchell,2016-10-25T10:13:12.111,12,110
357,Al Botsford,2044-10-13T20:18:35.704,3,117
358,Randal Erdman,2087-05-31T01:50:02.103,8,141
359,Maggie Carroll V,2038-04-24T01:00:35.482,10,122
360,Miss Geneva Kreiger,2069-12-31T04:47:47.535,7,118
361,Franklin Ziemann,2085-09-26T13:20:46.695,7,74
362,Ashley Smith,2091-01-24T18:26:52.078,12,118
363,Lillie Schuster,2009-09-03T01:27:26.243,9,28
364,Meredith Bechtelar,2014-05-18T20:38:04.822,8,154
365,Mitchell Hauck,2000-07-26T15:59:50.599,1,1
366,Ms. Jared Braun,2006-03-27T16:48:46.223,8,177
367,Winston Runolfsdottir,2030-02-14T14:07:18.310,5,125
368,Edmond Bahringer,2003-04-18T00:43:25.343,12,36
369,Eddie Dach,2095-08-13T17:50:51.928,7,101
370,Wanda Langosh,2039-07-12T20:12:23.987,11,182
371,Nicholas Kreiger,2025-02-13T00:38:04.788,3,33
372,Conrad Watsica,1997-03-30T20:09:35.730,1,97
373,Steven Kirlin,2087-02-21T20:28:51.790,2,25
374,Fred Gerlach,2076-03-24T18:20:26.439,8,81
375,Colin Hyatt,2072-07-26T17:49:16.730,4,172
376,Cedric Pfeffer,2034-10-20T19:04:39.419,11,139
377,Brad Zboncak II,2003-12-27T14:43:40.987,7,105
378,Michael Mertz,2042-01-22T20:13:57.764,4,127
379,Roger Schultz,2058-03-14T02:36:33.205,7,67
380,Tracy Lubowitz,2007-11-15T23:37:02.170,10,11
381,Tiffany Auer,2027-10-08T19:18:04.473,7,84
382,Ella Kertzmann,2079-12-03T00:37:33.268,1,49
383,Sarah Swift,2022-12-17T06:09:35.386,1,32
384,Kimberly Wisozk DVM,2016-01-12T12:58:54.525,6,138
385,Dallas Jakubowski,2000-12-01T23:12:11.708,9,128
386,Mack Thiel,2037-02-10T06:09:17.082,5,106
387,Melinda Nikolaus,2002-03-04T17:07:19.901,11,83
388,Ms. Violet Bogan,2051-01-11T16:29:20.255,8,70
389,Miss Myrtle Olson,2070-02-28T20:23:43.260,7,12
390,Mildred Marks,2076-11-17T17:43:02.430,12,15
391,Mamie Effertz,1993-03-01T15:11:02.108,3,82
392,Nora Hackett,2016-07-31T22:24:16.376,9,44
393,Lauren Rice,2040-12-11T18:41:15.529,7,49
394,Luis Klein,2002-07-23T22:10:36.709,12,91
395,Laurie Kris MD,2025-05-03T06:28:09.347,12,58
396,Virginia Weber,2051-11-14T20:31:49.517,10,176
397,Ms. Doris Buckridge,2059-02-09T02:10:40.539,6,68
398,Van Bosco,2024-03-21T04:39:06.854,10,103
399,Julie Cummerata,2022-02-16T10:04:34.058,4,61
400,Juana Krajcik,2047-04-06T08:59:18.557,4,86
401,Josephine Hamill Jr.,2023-06-22T18:30:15.478,2,71
402,Lamar Hammes,2073-07-14T17:39:41.981,10,123
403,Mandy Davis,2086-06-13T19:30:45.635,10,16
404,Jaime Corkery,2022-10-07T00:39:34.143,2,33
405,Caleb Howe I,1998-09-22T01:15:05.257,9,102
406,Ken Blick,2075-05-23T10:58:32.122,12,174
407,Miss Olivia Greenholt,2089-01-22T23:50:29.658,12,128
408,Angelica Upton IV,2038-02-22T01:16:07.230,1,85
409,Miss Darrin Gulgowski,2014-04-03T08:22:01.492,3,141
410,Ms. Cameron Brekke,2071-05-08T16:39:36.155,9,133
411,April Kirlin,2030-08-26T23:31:04.920,2,104
412,Sandra Bartoletti,1994-07-06T14:36:52.245,6,65
413,Herman Sanford,2029-04-30T05:18:26.655,2,147
414,Mr. Daniel Carroll,2034-01-21T03:42:40.084,5,64
415,Tomas Strosin,2098-08-23T10:12:36.827,1,33
416,Bridget Cole,2091-08-16T16:44:27.522,10,22
417,Karla Kovacek IV,2041-12-29T13:33:19.971,1,41
418,Dr. Ramona Kohler,2000-03-18T23:25:39.420,5,43
419,Nettie Okuneva,2050-01-28T07:14:43.601,11,182
420,Julie Blanda,2079-08-01T20:41:37.895,6,101
421,Mrs. Gayle Bergstrom,2026-02-25T00:01:23.509,12,110
422,Joy Wisozk,2039-10-13T12:00:39.415,10,33
423,Marty Barrows Jr.,2080-03-14T08:46:42.466,7,15
424,Meredith Kub,2099-03-16T13:33:44.660,7,26
425,Rebecca Stoltenberg,2039-11-17T07:24:42.904,1,23
426,Mr. Alexander Hamill PhD,2064-09-15T16:17:05.102,12,122
427,Rodney Larson,2033-11-06T12:33:27.322,6,108
428,Edwin Ratke,2075-06-09T12:07:55.715,8,123
429,Nick Mante,2042-02-26T06:12:57.093,8,84
430,Earnest Grady,2082-08-25T07:03:34.318,10,147
431,Yvonne Metz,2069-02-21T05:42:44.547,12,60
432,Luis Bashirian,2041-06-10T13:19:42.256,12,13
433,Ms. Mable Watsica,2058-01-01T04:27:34.928,8,47
434,Cheryl Parker,1999-06-06T16:07:21.791,6,170
435,Mrs. Karen Rodriguez,2012-09-30T05:14:08.117,5,177
436,Mattie Koss,2088-05-20T11:00:56.485,10,73
437,Margaret Dooley,2096-08-28T04:58:33.912,4,89
438,Kristen Feest,2069-07-23T22:06:27.469,9,48
439,Dianne Ziemann,2007-06-12T08:38:39.811,11,36
440,Timothy Runte,2035-09-05T07:30:24.924,2,10
441,Allison Jacobson III,1996-01-08T15:34:03.312,2,169
442,Claire Mills,2046-01-15T05:55:07.393,8,18
443,Alejandro Beer,2070-03-12T23:54:02.263,9,57
444,Erick Braun DVM,2042-04-06T12:53:34.747,2,113
445,Ivan Sanford,2091-10-16T12:10:19.503,3,113
446,Jose Barton,2089-08-30T16:33:35.853,8,7
447,Gregg Kerluke,2016-09-07T17:10:43.763,2,171
448,Mr. Kristina Ratke,2095-03-09T03:20:06.544,2,40
449,Matthew Douglas IV,2083-07-28T20:02:34.028,6,69
450,Kent Corwin,2034-03-30T06:37:20.438,9,158
451,Salvador Brown,2038-09-29T11:43:19.953,2,127
452,Lillie Ferry,2095-09-16T11:58:17.551,4,62
453,Becky Schulist IV,2010-01-03T07:37:55.076,3,47
454,Gretchen Runolfsdottir,2086-09-15T03:57:41.124,2,39
455,Phillip Hickle,2047-11-09T01:23:59.454,8,115
456,Cathy Luettgen,2029-11-22T03:26:04.589,7,60
457,Jesse Lowe,2007-04-05T00:54:47.710,11,17
458,Ted Schinner,2063-11-24T14:50:34.588,4,23
459,Ida Pouros,2078-08-22T00:28:25.925,9,168
460,Joann Ruecker,1991-07-01T03:19:47.446,9,160
461,Everett McLaughlin,2002-09-05T10:09:50.801,2,145
462,Melissa Moen,2023-05-03T03:54:26.609,1,26
463,Nathaniel Larson,2032-08-19T15:27:24.158,8,139
464,Leticia Bergstrom,2097-12-02T04:59:45.223,9,72
465,Lynda Boyer,2089-10-27T10:56:34.590,2,105
466,Frankie Kohler,2013-03-24T11:12:47.592,9,1
467,Gregory Hamill MD,2030-10-08T09:41:55.356,10,168
468,Mr. Rhonda Roob DVM,2018-04-05T19:32:05.841,1,16
469,Miss Susie Breitenberg,2036-08-20T23:11:44.628,12,10
470,Billy Lebsack,2029-03-18T08:46:10.452,3,88
471,Jean O'Conner,2062-07-01T02:02:32.934,11,29
472,Ivan Ernser,2073-04-12T01:57:41.686,10,86
473,Mario Ward,2053-09-25T03:33:52.377,5,7
474,Jacqueline Ratke,2078-11-12T07:06:37.915,7,103
475,George Hodkiewicz,2024-07-06T16:45:28.279,6,96
476,Victoria O'Connell,1995-12-27T01:50:50.955,6,158
477,John Kemmer,2016-11-09T19:55:37.932,9,48
478,Leona Schoen,2054-09-10T00:03:06.355,1,76
479,Grady Kutch,2092-08-14T17:09:39.935,12,45
480,Lorena Goyette,2023-01-09T19:57:51.963,5,67
481,Adrienne Abbott,2081-05-16T00:54:50.411,2,2
482,Alexander Powlowski,2096-04-29T18:27:12.791,9,106
483,Eric Russel,2083-05-10T00:39:55.821,7,4
484,Randall Hermiston,2043-03-18T21:35:34.119,4,155
485,Gladys Kuphal,2051-10-24T21:01:34.107,4,8
486,Carole Nikolaus,2043-07-22T01:02:11.372,4,109
487,Jackie Kassulke,2073-12-22T02:20:46.344,3,89
488,Marion Jacobs IV,2070-12-23T15:17:58.077,1,21
489,Willis Leffler PhD,2070-04-18T11:01:10.159,7,96
490,Dennis Stroman,2040-04-17T15:42:08.155,1,128
491,Josh Kunde,2064-09-28T07:13:30.961,8,42
492,Teri Roberts,2038-06-11T21:17:14.253,12,40
493,Jenna Ritchie,2083-05-18T12:43:18.902,5,25
494,Mr. Oliver Gutkowski,2043-07-11T06:06:34.466,2,132
495,Sidney Wintheiser,2001-03-17T18:57:38.427,2,15
496,Velma McCullough,2063-10-29T23:52:46.196,11,25
497,Marsha Robel,2045-12-09T01:32:38.643,7,89
498,Lucia Breitenberg IV,2055-03-22T14:38:06.156,9,92
499,Angel Fadel,2090-04-17T15:17:54.194,4,26
500,Joel Zulauf,2026-01-02T18:09:39.728,7,43
1,Corey Welch,2050-04-24T10:29:01.046,2,159
2,Vicky Veum,2040-08-14T07:57:08.096,7,126
3,Warren Rempel Jr.,2070-03-27T09:52:34.028,3,172
4,Renee Funk,2042-08-15T23:13:40.522,5,175
5,Anne Stehr,2036-05-12T04:33:46.523,3,123
6,Guy Will,2008-12-21T01:54:57.506,11,135
7,Darlene Jaskolski II,2014-01-16T23:14:53.891,6,171
8,Miss James Ondricka,1995-07-28T13:24:17.497,12,125
9,Patty Mertz V,1992-02-04T18:52:07.987,3,85
10,Matt Harris,2068-08-15T07:45:35.963,5,72
11,Lucy Sipes,2037-04-04T09:03:26.055,3,101
12,Patty Parisian,2050-10-29T19:02:57.006,11,123
13,Jermaine Robel,2082-06-17T03:46:27.581,3,177
14,Dr. Christopher Ebert,2044-06-17T02:44:00.781,7,176
15,Rosie Friesen,2089-11-20T05:21:24.800,12,106
16,Daryl Nader,2009-01-23T04:49:59.738,6,26
17,Marie Lebsack,1999-11-28T07:02:31.302,3,5
18,Dr. Eric Powlowski PhD,2052-07-23T22:33:09.590,5,121
19,Javier Cartwright,2049-03-13T19:26:18.608,4,88
20,Wendy Feest,2060-03-09T12:55:34.179,8,153
21,Mae Koelpin,2011-07-29T15:55:04.300,10,66
22,Dan West,2066-08-27T18:04:52.524,8,133
23,Hector Paucek,2043-12-20T10:22:05.280,4,151
24,Doyle Cronin,1996-02-25T05:32:02.233,10,139
25,Cynthia Prohaska,1991-07-07T20:04:44.245,12,53
26,Mr. Jenna Wolf I,2085-03-07T15:18:48.672,11,11
27,Kim Grimes,2070-07-04T03:54:57.849,8,105
28,Mr. Santiago Jenkins,2067-10-04T05:01:29.999,11,93
29,Mrs. Karla Jakubowski,2083-11-25T05:18:46.188,8,13
30,Horace Rodriguez,2007-05-19T03:32:43.019,3,140
31,Ms. Estelle Labadie,2098-10-17T06:42:13.214,6,28
32,Ronnie Schmidt,2037-01-17T00:07:21.314,7,177
33,Angie Krajcik,2023-08-23T19:02:08.559,3,169
34,Candace Kuhn,2028-10-31T22:14:43.239,8,167
35,Evan Leuschke DVM,1994-06-24T22:53:30.419,7,60
36,Jasmine Bernhard,2010-01-10T10:08:51.207,6,14
37,Virginia Stiedemann,2092-06-05T02:46:40.410,8,43
38,Sylvester Reinger,2015-05-26T22:43:42.294,12,182
39,Wilbert Feil,2016-05-02T06:21:39.957,4,175
40,Simon Swift,2050-04-16T15:22:21.046,1,148
41,Edith Murray,2085-12-22T03:47:46.814,6,8
42,Damon Wyman,1991-11-22T04:58:30.858,4,30
43,Jenna Bahringer,1995-11-28T00:17:46.294,5,3
44,Ms. Arlene Jaskolski,2004-03-16T05:42:30.949,9,59
45,Grant Hessel,2043-03-20T16:47:06.590,11,31
46,Douglas Mertz,2047-11-20T03:54:47.035,3,91
47,Mrs. Wesley Rohan Sr.,2091-02-04T04:11:39.923,6,152
48,Johnnie Walter,2023-08-23T06:10:22.211,5,136
49,Mrs. Lauren Carter,2046-05-24T18:25:04.675,9,79
50,Irvin Wunsch Jr.,2078-02-02T06:29:51.456,11,101
51,Miss Guillermo Schuster,2090-06-27T04:29:39.025,7,131
52,Vernon Greenholt Jr.,2097-02-03T07:51:17.737,6,148
53,Wendy MacGyver,1992-05-09T21:39:37.631,10,2
54,Theodore Moen,1997-08-30T19:49:23.266,2,7
55,Shaun Crooks,2097-02-01T01:17:41.685,11,95
56,Cora McLaughlin,2096-08-28T18:31:43.930,11,52
57,Ms. Dwight Price,2003-01-01T11:06:41.431,3,150
58,Ms. Estelle Goodwin MD,2003-02-24T20:33:21.915,6,135
59,Joseph Bechtelar,2077-12-20T23:19:37.795,3,45
60,Viola Hayes,1994-06-22T10:38:33.988,7,180
61,Omar Corwin,2042-03-13T20:31:05.629,9,96
62,Jeremy Bauch,2033-06-23T02:01:13.115,1,98
63,Denise Heaney,2047-11-07T23:49:53.323,9,160
64,Suzanne Johnston,2058-02-18T23:26:15.701,5,76
65,Dr. Seth Nader,2009-07-07T04:58:41.125,5,11
66,Ricky Wilkinson,2000-07-05T13:21:50.981,3,133
67,Kay Rodriguez,2069-06-15T05:26:06.787,1,55
68,Paula Hayes DDS,2098-07-19T18:22:22.267,7,86
69,Stella Grant,2038-01-16T06:02:07.718,10,164
70,Richard Walker,2021-08-18T19:34:01.182,8,48
71,Ronald Hayes,2008-03-08T08:37:41.534,7,126
72,Miss Andre Herman,2018-01-30T06:23:09.343,7,117
73,Johnnie McClure,2096-05-26T01:50:29.186,9,120
74,Mr. Ivan Bogan,2069-07-29T19:27:07.909,1,167
75,Wilma Tromp,2019-06-22T17:39:40.278,1,141
76,Dianne Koss,2072-07-21T00:21:09.457,8,16
77,Mrs. Terrence Boyer,2086-09-12T18:44:12.269,9,19
78,Myra Harber,1995-05-14T18:56:22.515,3,32
79,Maryann Bailey,2078-02-10T10:38:48.911,2,49
80,Shelley Stroman DVM,2096-12-29T19:27:05.070,11,104
81,Mrs. Caroline Bosco,2088-12-09T19:29:55.687,1,77
82,Brendan Ward I,2057-02-12T18:57:59.718,3,181
83,Cristina Bahringer DDS,2053-11-11T22:09:14.233,10,67
84,Stephanie Fahey,2050-07-02T23:17:24.535,4,139
85,Kevin Gibson,2073-01-01T11:34:44.057,8,128
86,Thomas Reichert,2044-04-25T08:50:38.742,10,59
87,Nathan Morar,2083-01-13T14:26:43.717,6,135
88,Dorothy Emmerich,2088-10-14T10:03:50.191,6,74
89,Ellen Becker,2047-10-13T04:22:00.053,11,61
90,Allan Olson,2028-05-10T22:06:47.358,10,160
91,Dr. Madeline O'Reilly MD,2008-12-26T21:52:47.372,2,87
92,Patricia Willms,2030-08-22T22:42:27.702,9,66
93,Guadalupe Jones,2051-03-28T18:01:10.716,4,73
94,Jack Lockman,2097-02-03T16:08:38.151,11,132
95,Felipe Gerlach,2029-06-07T16:15:17.643,3,172
96,Jill Feil,2002-08-19T07:04:08.200,3,100
97,Miss Nettie Hagenes,2014-01-20T04:24:06.306,12,156
98,Angie Lebsack,2002-04-16T09:12:23.378,2,52
99,Rosemarie Erdman MD,2037-03-21T03:18:44.450,8,107
100,Clint Skiles,2016-11-11T08:50:26.822,10,5
101,Miss Marjorie Marvin,2017-09-10T07:04:17.307,3,8
102,Kelly Gutmann,2043-12-02T09:54:20.831,7,32
103,Gayle Langosh,2056-06-03T16:41:02.340,10,101
104,Kelvin Kshlerin,2014-08-12T01:07:26.612,11,100
105,Stewart Waters,2051-04-25T02:42:16.100,2,21
106,Ernest Connelly Sr.,2078-11-16T17:47:19.782,12,47
107,Steven Quitzon,2026-10-12T05:49:15.742,5,51
108,Miss Marcella Lebsack,2038-06-30T06:22:06.396,9,85
109,Alexander Sporer,2047-12-20T13:18:38.985,6,40
110,Irene Breitenberg,2050-11-02T23:42:28.788,4,75
111,Leah Considine,2083-07-06T18:59:59.981,11,183
112,Lester Zemlak,2018-04-18T06:44:17.205,10,35
113,Ruth Gleichner,2005-08-08T09:01:21.242,2,42
114,Mr. Rebecca Schuppe,2034-11-12T17:56:25.500,10,38
115,Ms. Eugene Moen,2092-06-19T13:38:48.096,1,177
116,Evelyn Grant III,2071-10-01T05:20:18.951,2,26
117,Rosalie Wunsch,2087-03-03T10:09:43.867,12,119
118,Dr. Clint Buckridge,1992-04-28T18:11:24.594,11,68
119,Monique Conroy,2023-07-12T06:59:48.458,10,120
120,Ronald Beatty,2029-01-02T17:19:21.225,9,135
121,Ernesto Hane,2042-07-12T07:37:15.199,12,152
122,Robin Ratke,2004-09-28T20:34:23.103,8,159
123,Isabel Runolfsson,2025-09-02T11:56:05.811,4,30
124,Allison Schiller,2059-07-05T16:19:42.738,11,166
125,Colleen Schuppe,2050-07-26T09:40:43.186,11,176
126,Lola Frami,2091-11-08T04:58:44.568,10,54
127,Jacqueline Trantow,2001-02-22T17:10:16.346,10,82
128,Erick Mann,2080-11-29T02:16:52.760,9,28
129,Walter King,2088-04-08T14:07:57.925,2,86
130,Margaret Rohan,2056-07-24T17:24:35.822,3,96
131,Raul D'Amore IV,2071-07-08T08:36:31.783,10,160
132,Mack Wunsch,2022-03-06T16:03:52.116,11,150
133,Kirk D'Amore DVM,2033-05-22T15:38:12.374,7,1
134,Darrin Goldner,2058-04-03T09:55:29.246,10,84
135,Violet Walsh,2090-10-13T00:23:38.732,9,129
136,Hazel Morar IV,2006-10-06T03:30:43.069,6,57
137,Mr. Monique Lakin,2095-03-08T01:49:11.961,10,39
138,Delia Farrell,2079-10-24T17:51:12.927,10,92
139,Lionel Kuhlman,2076-04-06T01:02:12.720,5,84
140,Chris Heathcote,2028-12-03T17:21:30.820,10,46
141,Terry King,2018-03-18T14:13:49.630,6,92
142,Dr. Lorena Koch,2022-02-26T05:42:29.710,8,121
143,Shirley Harber,2060-01-26T13:09:08.244,4,182
144,Vicky Crona,2094-09-05T22:36:08.912,9,128
145,Grant Stiedemann,2023-01-19T11:33:42.226,5,129
146,Greg Barrows,2092-06-18T17:28:59.134,2,12
147,Mr. Johnnie Padberg,2047-11-29T02:37:42.135,12,92
148,Krystal Hills,2071-05-25T00:08:48.530,8,36
149,Alison Kohler,1990-04-23T18:55:30.392,5,88
150,Mrs. Nora Goldner,2068-08-01T19:24:12.064,7,61
151,Kate Wilderman,2089-12-06T00:49:50.761,5,21
152,Damon Jast,2070-01-02T23:31:05.853,8,107
153,Roland Hand,1998-03-17T15:29:31.165,7,69
154,Ruby Wisoky,1999-03-08T00:08:30.057,9,5
155,Franklin Ebert,2083-03-29T05:36:33.774,1,107
156,Rosalie Rogahn,2039-03-01T07:58:11.179,3,160
157,Alfred Graham,2084-10-18T07:34:33.479,3,41
158,Samuel Hermann,2007-02-22T23:54:23.587,4,137
159,Natalie Hauck,2028-09-25T02:53:25.670,12,36
160,Christy Lynch,2027-02-27T06:50:08.921,8,91
161,Gretchen Durgan Sr.,2040-01-15T18:34:34.602,7,44
162,Marshall Kohler,2064-10-28T01:48:36.335,7,156
163,Delia Kovacek,2030-07-30T00:09:42.949,5,174
164,Antoinette Braun,2049-10-28T06:08:17.706,1,79
165,Corey Leannon,1999-01-08T23:55:32.870,12,149
166,Robert Yundt,2071-11-22T05:09:14.970,2,80
167,Inez Koch,2081-03-27T05:35:04.885,3,123
168,Gerard Brakus,2013-07-31T17:14:56.932,6,73
169,Susie Harber,2058-12-10T13:50:26.800,4,114
170,Micheal Hoeger,2043-05-19T11:44:15.555,6,111
171,Jonathon Rowe,2019-09-29T15:47:12.148,2,168
172,Kate Herzog,2058-06-07T22:15:08.454,5,62
173,Luis Schuppe,2028-03-05T13:31:42.966,1,171
174,Antonia Mills,2040-11-24T19:09:45.295,6,149
175,Wilbur Grimes,2045-04-08T21:33:09.515,1,61
176,Philip Mann,2039-04-21T21:13:52.619,11,149
177,Hugo Kutch,2047-05-11T21:07:27.014,12,18
178,Dianne Kemmer,2074-03-21T18:59:23.261,10,55
179,Teri Marks,2057-01-29T20:46:09.774,4,35
180,Kenneth Gibson,2080-04-18T23:08:09.908,7,37
181,Sandra Haag,2065-05-17T13:19:13.855,5,169
182,Gladys Grimes,2041-01-20T05:20:56.723,1,60
183,Ms. Anne Morissette,2087-05-07T17:09:48.785,1,7
184,Byron Huels,2031-04-27T19:10:55.428,1,97
185,Terence Zieme,2078-03-30T03:19:55.417,10,49
186,Rene Hegmann,2010-02-12T07:44:27.231,3,56
187,Dawn Hahn,2012-11-20T00:12:19.561,7,179
188,Angelica Klocko,1990-08-12T08:28:55.821,10,24
189,Mrs. Marcia Lynch,2078-09-15T07:15:12.269,4,2
190,Frankie Parisian,1992-04-19T05:51:50.953,2,4
191,Juanita Halvorson,2078-05-24T22:09:15.273,10,90
192,Floyd Schamberger,2030-03-27T04:54:53.930,7,157
193,Kara Mills,2021-06-08T08:42:42.196,3,18
194,Katrina Wehner,2031-01-11T12:09:54.692,7,23
195,Carlton Oberbrunner,2069-01-04T15:17:08.768,1,27
196,Sylvester Treutel,2048-09-05T06:23:39.517,11,139
197,Virgil Okuneva V,2032-11-05T10:05:12.024,12,175
198,Mindy Huels,2003-12-11T18:57:21.705,1,176
199,Peggy Ondricka,2040-06-21T09:01:45.807,3,77
200,Arlene Champlin,2090-01-26T17:39:55.884,4,6
201,Vivian Prosacco,2040-10-14T08:47:46.341,4,148
202,Howard Becker,2010-11-30T00:26:42.279,8,55
203,Brenda Bednar,2030-05-14T07:22:49.877,3,40
204,Dr. Kay Jones,2079-10-19T14:46:25.496,11,183
205,Nettie Keebler,2093-03-23T16:58:18.596,4,25
206,Jody Ferry,2047-11-07T04:57:11.439,11,149
207,Ada Olson,2084-09-28T10:23:09.119,1,29
208,Ben Bashirian,2010-01-05T10:37:54.322,1,97
209,Dr. Rachael Welch,2032-11-26T08:21:12.506,6,77
210,Cristina McGlynn,2005-03-09T20:41:45.635,7,16
211,Toby Ferry Jr.,2056-09-04T22:39:51.414,11,58
212,Jeannie Nitzsche,2082-09-02T16:27:38.542,10,170
213,Jessie Schoen,2025-09-16T10:06:30.084,12,113
214,Kellie Mayer V,2085-05-29T14:46:32.960,3,115
215,Teri Kihn,2054-10-16T02:35:26.380,11,177
216,Carroll Schowalter MD,1992-03-16T09:21:43.012,5,182
217,Juana Goldner,2073-07-01T07:53:45.787,5,58
218,Miss Mamie Mante,1997-02-02T23:42:09.583,1,140
219,Willis Krajcik,2060-07-16T19:29:43.050,5,62
220,Catherine Waelchi,2022-11-17T08:20:26.746,11,125
221,Jessica Marquardt,2016-03-07T09:29:04.858,3,156
222,Bernadette Yundt,2027-10-25T09:31:04.151,11,109
223,Janet Bauch DDS,2055-09-20T10:29:43.844,6,74
224,Dr. Sheri Rogahn,2000-05-11T07:52:11.304,9,17
225,Miss Walter Weimann,2085-06-19T02:09:06.529,1,114
226,Morris Hickle,2049-03-05T01:36:20.748,8,172
227,Mr. Ora Simonis,2014-02-03T23:58:51.441,6,87
228,Barry Swaniawski III,2021-11-29T08:34:38.716,5,48
229,Dr. Kelly Crist,2084-06-10T02:25:40.779,2,52
230,Jeff Nikolaus,2001-08-28T01:08:50.954,4,91
231,Wendell Crona,2058-04-21T18:18:55.294,2,57
232,Janice Davis,2064-07-24T04:59:53.029,10,83
233,Estelle Wilderman,1998-04-10T16:10:52.026,6,160
234,David Hilll,2076-01-27T22:33:51.751,5,177
235,Josh O'Hara DVM,2037-09-18T19:54:54.817,1,31
236,Steve Rice,2052-01-08T22:29:19.676,4,153
237,Roosevelt Wiza,2052-09-15T14:15:02.444,4,74
238,Daisy Becker Sr.,2078-01-20T10:32:37.970,11,70
239,Lois Leffler,2016-08-24T05:43:05.600,5,126
240,Emmett Cormier,2037-01-08T06:40:21.475,12,142
241,Miss Della Maggio,2003-09-05T01:37:45.493,2,6
242,Dexter Kovacek,2059-12-28T01:35:40.260,7,42
243,Anna Connelly,2064-05-07T06:40:03.218,6,180
244,Orlando Pfannerstill,2040-10-10T03:06:27.238,4,110
245,Jerald Moore,2031-12-12T22:36:23.124,8,138
246,Damon Leffler,2032-06-12T20:21:16.236,1,59
247,Miss Marshall Stoltenberg,2021-08-05T23:28:32.255,12,108
248,Karla Leannon,2051-04-06T02:34:51.376,8,111
249,Lora Rippin,2052-05-08T13:39:05.157,4,32
250,Claire Gerlach,2088-09-05T12:55:10.508,1,95
251,Emilio Moore,2077-02-04T23:28:39.468,11,174
252,Oliver Hane,2090-11-21T00:17:37.740,8,118
253,Chelsea Gusikowski,2069-08-22T02:21:25.359,6,11
254,Glenn Ryan,1995-04-07T06:01:41.881,5,86
255,Ada Welch,2015-05-28T10:36:31.739,6,117
256,Alice Spencer,2094-08-06T20:10:33.105,6,97
257,Vicky Hilpert,2051-11-24T03:19:07.520,6,160
258,Dewey Beer V,2070-04-20T03:11:48.191,5,172
259,Tricia Grimes,2086-01-12T07:14:21.693,2,41
260,Traci Altenwerth,2094-04-21T08:20:38.521,8,140
261,Daryl Gutmann,2066-09-14T04:18:29.148,7,35
262,Norma Carroll,2058-10-31T05:42:54.606,12,135
263,Israel Wisozk,2084-01-10T14:26:11.041,8,142
264,Darrin Kerluke,2031-11-27T09:37:18.050,4,161
265,Miss Ollie Considine,2056-09-29T20:07:53.345,11,36
266,Kim Collins,2015-01-23T17:31:47.732,3,60
267,Miss Theodore Ward,2093-10-22T01:02:54.669,11,145
268,Alfredo MacGyver,1992-12-02T09:42:46.425,1,24
269,Van Renner,2088-11-14T10:31:37.968,3,106
270,Dr. Pablo Grady,2093-09-17T05:36:23.275,3,130
271,Dr. Floyd Kreiger,2089-09-04T02:06:42.863,1,13
272,Eugene Farrell,2090-11-14T04:36:36.653,7,124
273,Paulette Rohan,2075-10-29T04:11:37.288,5,31
274,Trevor Murray DDS,2056-03-05T07:42:15.860,6,145
275,Maureen Abbott,2039-07-24T03:48:08.128,9,142
276,Hilda Rosenbaum,2087-04-28T22:01:43.230,12,151
277,Pat Nader I,2028-02-22T01:50:04.825,3,161
278,Chester Skiles,1998-03-06T04:20:11.835,6,164
279,Erin Littel,2010-07-21T22:57:45.559,10,139
280,Dr. Alison Wintheiser,2020-09-15T04:41:07.944,3,28
281,Miss Brandon Bauch,2010-07-15T12:05:10.265,11,60
282,Tammy Larkin,1998-04-14T10:30:09.165,5,49
283,Paulette Christiansen,2055-09-19T07:02:44.801,8,154
284,Cindy Grant,1996-02-02T15:02:00.047,10,132
285,Linda Huels,2087-08-24T03:06:57.615,8,74
286,Cristina Ebert,2003-10-19T12:16:02.854,6,150
287,Willard Stark,2088-12-23T02:04:05.205,10,154
288,Clark Hackett,2061-08-28T15:10:24.676,1,151
289,Herbert Blick,2031-11-23T00:42:55.490,7,92
290,Sharon Simonis V,2065-03-01T14:08:49.857,9,100
291,Miss Larry Mosciski,2036-04-09T14:56:36.976,4,35
292,Sadie Willms,2011-12-18T22:09:52.656,2,119
293,Guillermo Wisozk,2082-08-30T08:03:32.752,7,182
294,Miss Lorenzo Crona II,2001-10-30T23:16:22.880,7,171
295,Cristina Lehner,2034-06-18T04:05:09.465,9,40
296,Alan Morissette,2055-04-06T13:53:58.277,10,124
297,Marc Feest,2038-12-27T04:18:21.192,4,102
298,Melody Glover,2070-01-06T18:55:47.725,2,38
299,Jimmie Hauck,2018-02-07T23:42:50.316,8,65
300,Alma Robel,2027-03-24T01:49:24.834,10,137
301,Sonya Zieme,2047-01-05T14:27:46.421,4,120
302,Noah Stracke,2011-10-07T18:50:28.064,7,104
303,Theresa Abbott,2021-06-24T22:30:36.962,10,162
304,Nettie Durgan,2084-03-02T02:40:37.489,6,142
305,Opal Champlin,2016-05-19T00:34:00.147,1,89
306,Santos Steuber,1998-01-24T03:16:08.683,8,98
307,Katrina Harris,2094-08-18T21:23:09.641,8,43
308,Loretta Marquardt,2018-09-24T02:09:43.166,7,27
309,Stephanie Romaguera,2072-04-14T07:11:30.521,12,115
310,Troy Beier,2011-04-15T10:15:13.801,1,38
311,Billie Wisoky,2015-10-15T13:15:15.619,1,135
312,Monica O'Connell II,2010-04-10T01:37:59.309,3,156
313,Alejandro Gibson,2036-10-23T17:19:37.453,11,2
314,Miriam Gottlieb,2063-06-26T17:04:58.935,8,128
315,Kurt Pouros,2026-12-11T05:54:17.459,8,171
316,Martin Koch,2097-12-20T13:08:41.623,6,146
317,Spencer Ritchie,2013-03-26T04:42:28.279,3,101
318,Dr. Bryan Quigley,2052-05-26T16:05:04.999,4,142
319,Muriel Quigley MD,1997-09-19T10:54:51.431,12,90
320,Phil Prosacco,2044-12-30T23:09:09.996,4,50
321,Theresa Lindgren,2050-03-26T04:28:33.959,7,162
322,Tricia Durgan Sr.,2094-08-14T18:32:44.467,10,115
323,Blanca Yundt,2078-05-06T04:20:28.091,5,101
324,Ms. Carlos Hoeger,2090-04-16T22:10:56.863,10,47
325,Martin McClure,2089-03-15T17:02:18.445,4,5
326,Sean Gulgowski,2022-09-16T03:58:14.662,8,113
327,Julie Okuneva,2027-05-10T08:37:29.307,8,181
328,Sherry Treutel,2076-05-25T06:47:36.296,1,6
329,Neil Wilkinson,2068-06-22T01:36:40.198,9,177
330,Robin Davis,2003-11-27T09:23:34.647,10,35
331,Evelyn Hagenes,2017-11-14T04:07:09.643,4,51
332,Ms. Joan Williamson,2039-07-08T08:25:03.032,1,166
333,Diana Willms,2031-06-17T05:36:48.522,5,73
334,Kathleen Goldner,2085-03-06T03:04:46.275,3,95
335,Pauline Kshlerin,2068-07-21T20:34:15.305,11,22
336,Carole Goodwin,2052-02-15T02:20:13.143,12,77
337,Stuart Maggio,2093-03-28T16:24:58.466,9,24
338,Stanley Daugherty,2071-01-31T09:36:00.803,9,156
339,Mrs. Clyde Jakubowski,2057-05-10T13:07:49.467,1,132
340,Pearl Grant,2099-02-18T21:35:20.879,4,2
341,Darin Gusikowski,2082-02-17T14:46:03.352,10,131
342,James Russel MD,2005-04-04T16:40:09.530,12,167
343,Ann Kessler,2093-08-13T09:44:06.558,3,86
344,Antonio Hilpert,2054-01-22T21:54:09.485,9,72
345,Jon Brakus,2051-09-11T05:41:40.720,4,12
346,Adrienne Shields,2059-06-19T13:42:04.357,9,175
347,Lee Kling,2055-09-19T19:29:14.113,4,46
348,Lora Bergnaum,2040-01-25T02:39:31.205,9,178
349,Otis McKenzie PhD,2034-09-30T05:50:03.857,7,86
350,Gordon Satterfield,2039-09-26T23:59:16.079,2,51
351,Lorenzo Crist,2089-02-07T23:48:14.428,6,150
352,Harvey VonRueden,2012-02-20T10:17:08.534,10,143
353,Israel Heaney,2001-04-01T17:14:40.228,5,100
354,Susan Christiansen Jr.,2038-09-08T09:09:15.528,6,48
355,Alejandro Schulist,2067-06-21T22:00:31.453,5,96
356,Bernice Labadie,2047-02-19T18:47:54.412,8,175
357,Dr. Sabrina Murray,2054-11-12T08:47:41.704,5,170
358,Lynda Keebler,1998-12-12T14:20:51.565,2,40
359,Rafael Gislason,2045-02-21T03:32:47.306,10,143
360,Mrs. Benny Walker,2015-09-07T14:23:32.102,6,166
361,Ruben Hane,2024-02-22T00:52:51.171,4,173
362,Lonnie Klocko,2065-11-18T03:04:12.969,1,2
363,Miss Bryan Lindgren,2049-02-11T13:42:16.054,2,134
364,Vicki McCullough,2096-04-28T17:37:54.811,2,103
365,Alan Schiller MD,2065-04-22T19:39:23.228,6,42
366,Aaron Emard,2014-10-15T05:11:42.717,11,132
367,Mr. Leslie Baumbach,2037-09-20T19:30:03.411,12,182
368,Andre Wyman,2028-10-07T13:36:38.546,3,52
369,Sherry Nienow,2084-03-19T15:00:52.221,2,51
370,Kevin Hagenes I,1996-12-20T14:02:53.856,6,72
371,Juanita Boehm,1994-12-26T04:30:36.492,9,177
372,Felix Bartoletti,2000-03-23T07:47:11.531,7,144
373,Darlene Parker,2065-09-23T18:33:37.236,1,132
374,Lynn Lynch,2006-11-04T13:11:39.155,7,108
375,Kellie Von,2024-07-24T16:12:08.244,5,10
376,Jessica Friesen DDS,2093-02-10T11:20:25.880,2,16
377,Edmund Vandervort II,2062-08-15T21:38:27.989,1,50
378,Dianne Considine MD,2024-04-17T13:55:06.344,9,36
379,Moses Rippin I,1998-05-23T11:49:02.405,3,10
380,Grant Schmeler,2054-05-04T05:23:55.554,9,136
381,Inez Lowe,2019-06-28T07:35:42.883,9,60
382,Mike Weissnat,2092-02-19T06:49:58.134,6,135
383,Armando Schaefer,2028-02-19T18:37:37.857,7,167
384,Devin Conn,2035-09-21T19:43:37.881,5,124
385,Lynne Jacobs,2057-01-18T17:40:34.552,9,21
386,Kathryn Corwin,2027-09-16T04:34:39.721,9,78
387,Jesus Langworth,2031-01-17T05:43:09.090,4,115
388,Juanita Franey,2095-03-29T15:30:08.291,6,63
389,Viola Kris,2073-11-10T18:51:34.470,2,179
390,Alicia Jakubowski,2017-09-11T23:28:39.726,1,12
391,Silvia Trantow,2085-07-11T09:01:01.848,9,160
392,Karl Kuphal,2076-02-18T12:54:02.435,10,85
393,Timmy Boehm,2072-08-24T02:45:34.481,1,38
394,Carmen Langworth,1994-07-03T16:11:36.023,10,131
395,Keith Waters,2010-06-11T10:12:18.909,2,106
396,Drew Mraz,2087-07-16T10:27:12.494,12,154
397,Christine Marvin IV,2092-02-04T19:07:55.172,4,104
398,Jody McDermott,2035-01-25T04:05:13.499,5,5
399,Marion Hilll V,2020-04-07T12:02:25.597,6,41
400,Thelma Sauer,1998-01-14T01:27:22.642,7,153
401,Nichole King,2018-03-20T22:55:17.338,5,64
402,Johnny Corwin,2012-11-18T22:13:21.449,8,56
403,Miss Willis Hodkiewicz,2096-11-26T14:30:56.102,12,49
404,Karla Schmitt,2090-01-20T17:52:50.864,4,19
405,Sherry Wunsch,2066-03-01T05:14:43.911,5,17
406,Carla Schmidt,2070-06-16T11:49:43.363,8,80
407,Janis Mueller,2044-10-19T02:55:13.255,6,92
408,Cheryl Von,2018-01-15T10:35:59.026,5,6
409,Travis Legros,2058-05-30T02:46:09.345,5,148
410,June Conn Sr.,2003-04-15T08:57:57.190,1,100
411,Faye Fisher,2038-11-24T04:30:45.387,3,12
412,Meghan Osinski,2084-08-28T15:39:41.146,1,17
413,Gary Dibbert,2093-05-12T18:56:36.218,8,39
414,Charlotte Brown IV,2043-07-08T06:08:48.982,12,38
415,Philip Beer,2050-10-17T03:39:59.756,11,39
416,Myra Gorczany,2039-04-02T02:21:08.110,10,100
417,Carlton Kunze DDS,2004-09-30T10:45:45.933,4,55
418,Ken Kovacek,2040-05-17T00:01:46.614,4,8
419,Emma Schoen,2096-07-19T08:58:00.723,10,131
420,Hugh Thiel,2060-12-31T14:32:31.758,12,122
421,Wendell Reinger,2005-11-13T06:28:38.375,4,149
422,Taylor Armstrong,2004-02-16T23:15:32.353,11,166
423,Ms. Christopher Little,2024-10-16T04:33:01.318,5,131
424,Hattie Thompson,2003-07-21T22:00:43.816,6,129
425,Stuart Stoltenberg,2061-09-19T09:18:43.430,4,34
426,Pat Ebert,2006-01-15T03:13:54.597,1,5
427,Marguerite Schmitt Sr.,2029-08-27T12:48:53.454,10,21
428,Judith Hessel,2048-03-19T00:48:58.095,1,133
429,Marie Ebert,2089-10-02T21:17:47.119,12,3
430,Allison Barton,2061-12-20T09:34:46.570,10,123
431,Salvatore Schoen,2001-10-28T02:03:59.954,10,41
432,Brittany Franecki,2081-01-30T15:49:55.520,3,48
433,Vicki Torphy Jr.,2060-07-19T22:55:35.584,3,78
434,Madeline Marks,2052-06-29T21:14:47.731,2,13
435,Mr. Grady Herzog,2055-04-20T11:57:44.096,11,116
436,Dr. Alfred O'Keefe,2007-02-09T07:28:49.024,12,140
437,Lucy Green,2057-11-20T00:39:26.116,12,90
438,Jose Ruecker,2097-05-30T15:54:09.472,8,100
439,Abel West,2041-03-16T05:17:46.010,12,23
440,Glenn Gislason,2061-10-06T20:19:05.398,11,84
441,Paula Hickle,2029-08-12T22:31:22.787,3,129
442,Mr. Fannie Renner,1994-12-05T23:52:44.377,5,33
443,Sabrina Yundt DVM,2034-05-26T05:24:12.387,2,18
444,Ian Hegmann,2001-04-21T01:38:13.434,8,90
445,Herman Cruickshank,2055-08-18T01:27:40.758,8,29
446,Nelson Stiedemann,1991-03-06T00:59:59.487,6,68
447,Brandi Schinner,2052-05-22T00:48:09.705,10,68
448,Lana Abshire,2002-08-26T18:03:11.324,3,149
449,Leah Veum,2069-11-15T12:23:05.211,4,102
450,Jack Wuckert V,2034-02-08T03:32:39.083,4,76
451,Alberta Shanahan,2016-04-17T01:01:34.285,10,163
452,Curtis Deckow,2065-05-08T16:38:54.395,10,34
453,Lyle Stroman,2048-03-19T01:41:04.303,4,60
454,Samantha Daugherty,2029-01-24T13:59:30.273,4,12
455,Gordon Goodwin,2020-01-18T08:19:58.263,11,172
456,Trevor Wuckert MD,2089-03-15T12:55:32.602,2,163
457,Vickie Rempel DDS,2045-10-07T20:26:06.697,1,165
458,Deborah Hirthe,2003-05-27T13:51:53.364,4,95
459,Mr. Muriel Wuckert,2042-11-05T22:38:10.145,2,112
460,Roland Schmitt,2004-10-22T10:15:38.595,3,17
461,Bruce McLaughlin,2014-01-10T08:42:41.324,7,146
462,Alice Fisher,2077-11-02T06:38:49.187,3,93
463,Dianna Pfannerstill,2040-08-13T17:32:59.760,11,164
464,Carlton McGlynn,2051-05-01T20:02:24.787,10,100
465,Lucas Aufderhar,2097-03-27T03:52:46.905,12,71
466,Frank Green Sr.,2059-03-14T18:15:00.618,10,164
467,Bernard Heathcote,1990-09-12T00:15:24.547,2,137
468,Orlando McGlynn PhD,2063-05-24T12:50:16.062,8,118
469,William Schowalter,2018-02-01T01:01:18.229,11,58
470,Pam Paucek,2074-11-03T13:26:24.080,5,133
471,Leonard Mayer,2053-12-29T06:49:28.782,2,103
472,Lynn Nikolaus,2036-03-05T11:30:23.941,2,120
473,Mr. Luis Bayer,2001-05-07T11:13:37.245,3,47
474,Alejandro Parker,2008-05-25T01:38:04.329,4,26
475,Shirley Steuber,2010-03-20T13:30:56.179,7,29
476,Benjamin Monahan IV,1996-08-18T05:27:16.651,10,138
477,Lionel Luettgen,2084-01-25T02:54:56.921,10,131
478,Catherine Wintheiser,2008-06-23T16:21:40.385,10,111
479,Todd Kulas,2000-12-12T21:30:33.184,10,121
480,Oliver Weber,2084-02-03T02:11:55.210,9,110
481,Felix Bergnaum DVM,2043-04-02T04:52:06.190,10,60
482,Joey Jakubowski,2092-02-07T22:39:57.873,10,114
483,Dr. Deborah Howe,2020-08-07T03:15:30.592,8,136
484,Linda Ullrich,2062-11-13T07:38:06.139,9,105
485,Rufus Leffler IV,1991-01-27T10:09:10.351,2,166
486,Johnathan Grady,2093-07-03T01:30:16.232,7,44
487,Stella Franecki,2035-10-06T02:24:55.640,4,52
488,Walter Grimes,2093-10-18T17:35:45.238,2,158
489,Nathaniel Stroman,2071-02-04T02:33:04.547,7,159
490,Anne Klocko,2048-02-17T19:19:50.245,8,32
491,Molly Murphy,2096-06-14T00:38:01.953,2,181
492,Gertrude Collins,1999-06-07T22:41:42.412,12,104
493,Gilberto Blick,2027-05-28T22:47:47.107,1,163
494,Lowell Dach,2092-11-09T13:27:41.545,8,69
495,Guy Kutch,2013-10-19T10:35:52.842,2,4
496,Miss Alexander Fay,2089-04-14T06:56:54.993,11,37
497,Domingo Schoen,2080-05-23T19:22:31.303,3,105
498,Adrienne Pagac,1991-07-15T14:12:44.433,10,116
499,Raquel Walter,2089-12-24T01:59:57.881,12,104
500,Leah Marquardt,2095-08-03T14:51:53.426,1,41
1,Ms. Shirley Donnelly,2097-07-04T03:01:04.670,4,146
2,Gabriel Bahringer,2067-10-25T02:37:56.729,8,16
3,Margarita Runte,2045-04-05T21:59:08.929,7,154
4,Alberto Nicolas,2061-01-23T02:17:53.414,1,171
5,Wade Emmerich,1999-02-08T10:09:50.808,2,78
6,Yvette Will,2071-10-07T22:19:58.330,3,160
7,Beverly Christiansen,2088-11-11T23:48:57.867,11,123
8,Lorene Kemmer,2010-12-08T08:38:03.713,6,22
9,Jeffery Lind I,2029-09-05T17:09:06.467,9,95
10,Russell Yost PhD,2001-12-14T01:10:16.107,11,64
11,Angie Balistreri IV,2098-09-24T03:41:46.522,1,167
12,Mrs. Bradford Aufderhar,2066-07-03T04:50:50.156,1,177
13,Clifton Schuppe,1990-08-03T03:42:00.910,8,134
14,Kirk Jacobs,2077-09-11T10:40:55.814,9,36
15,Gerardo Christiansen,2075-10-05T06:17:46.684,4,34
16,Suzanne Breitenberg,2041-04-14T18:01:13.522,3,100
17,Johnathan Hansen,2066-04-26T11:36:20.789,10,165
18,Lynn Spinka I,2068-07-03T16:41:05.450,6,93
19,Ms. Teri Reynolds,2096-08-16T15:20:59.276,12,74
20,Jody O'Conner,2024-10-18T12:48:25.922,4,124
21,Elsa Kovacek,2067-11-08T13:23:54.248,4,93
22,Gladys Waters,2029-02-24T18:10:06.064,11,86
23,Marjorie McDermott,2060-12-21T17:43:31.919,10,121
24,Orville Beer,2074-02-21T23:11:59.918,10,49
25,Jason Walter,2088-01-06T10:32:22.690,3,168
26,Lynda Hammes,2064-10-13T23:33:41.193,2,11
27,Mona Yost,2040-09-01T03:17:30.505,6,81
28,Winston Will,2020-07-05T17:02:40.176,9,61
29,Alicia Emard,2001-11-09T15:20:52.234,2,42
30,Elias Smith I,2029-11-10T14:31:52.432,3,105
31,Lisa Gulgowski,2032-09-12T11:42:57.156,5,104
32,Beulah Sauer Sr.,2048-10-26T02:23:20.501,11,79
33,Bert Anderson I,2012-11-21T12:45:55.498,9,93
34,Terence Davis III,2080-12-24T09:49:46.343,4,150
35,Ellis Oberbrunner,2088-06-26T10:29:59.706,10,14
36,Ms. Nelson Rolfson Sr.,2037-05-01T23:55:20.211,2,114
37,Kerry Will,2007-03-19T04:04:35.142,6,49
38,Mr. Johnnie Casper,2070-06-25T19:08:57.664,1,23
39,Sonja Reilly Sr.,2003-06-30T05:33:33.203,6,177
40,Johnnie Maggio,2051-08-12T11:24:24.625,2,166
41,Jody Senger,2025-11-30T11:35:07.496,11,32
42,Anne Hagenes,2041-06-10T01:40:42.739,11,20
43,Winston Jerde,2083-06-29T05:06:47.338,9,42
44,Guillermo Rohan,2086-02-17T16:41:09.134,7,37
45,Emma Swaniawski,2046-05-23T20:58:12.675,11,37
46,Theresa King,2073-12-25T15:22:41.741,3,109
47,Kate Parisian,2046-01-27T09:12:11.104,12,120
48,Julia Daugherty,2063-12-14T23:20:21.075,11,102
49,Desiree Kessler II,2009-12-27T10:18:51.740,8,23
50,Ms. Nathan Streich,1992-10-25T11:41:08.690,8,11
51,Moses Hoppe,2063-10-12T21:33:22.266,5,29
52,Laurence Schowalter,2016-02-06T10:05:58.860,1,110
53,Dolores Gorczany,2007-07-24T13:49:54.553,4,118
54,Laverne Wisozk,2048-02-14T21:17:50.632,12,79
55,Jessica Corkery,2081-04-01T16:32:32.064,9,98
56,Dr. Elijah Connelly DVM,2049-05-31T01:56:08.351,7,181
57,Francisco Jenkins,2070-10-07T06:53:36.702,11,49
58,Renee VonRueden,2097-03-06T14:26:19.298,12,181
59,Traci Mayer,2052-09-10T22:08:09.449,8,98
60,Ronnie Hackett,2072-07-16T05:23:01.519,5,54
61,Mercedes Will,2065-08-25T08:28:24.731,3,120
62,Tracy Blanda,2090-11-19T07:10:42.951,2,117
63,Dennis O'Hara,2021-01-04T20:39:48.328,9,66
64,Marcus Huel,2096-05-02T01:58:56.327,2,46
65,Mr. Donna Monahan,2007-08-24T13:17:32.804,5,127
66,Eva Hammes,2008-12-31T11:03:49.819,9,165
67,Lee Hand,2013-01-16T18:51:34.631,1,51
68,Matthew Collier,2039-12-22T07:31:16.453,4,169
69,Deanna Frami,2037-11-28T03:46:28.179,11,175
70,Eileen Corkery,2024-06-07T05:33:48.000,7,89
71,Mr. Louis Spencer,2017-11-08T04:46:48.947,10,48
72,Grant Hansen,2044-08-16T21:54:15.222,9,80
73,Guillermo Farrell,2029-09-29T15:16:16.403,10,108
74,Charlene Doyle,2055-08-06T13:01:03.843,9,169
75,Geraldine Gleason,1994-07-17T01:19:31.410,2,80
76,Norman McDermott DVM,2058-03-26T10:15:57.065,12,57
77,Sergio O'Conner,2050-04-26T13:17:26.836,3,159
78,Marianne D'Amore,2004-10-16T15:14:53.171,6,99
79,Micheal Schneider,2058-01-16T13:37:02.218,7,98
80,Ramiro Wunsch,2059-05-25T12:59:42.996,12,35
81,Miss Leo Blick,2010-08-08T05:17:45.165,1,82
82,David Weimann,2027-04-24T18:24:47.293,4,172
83,Clarence Funk I,2042-08-25T21:59:19.575,1,56
84,Mack Okuneva,2037-09-08T17:09:22.114,1,143
85,Ron Harber,2054-07-08T14:21:40.303,8,132
86,Ann Keeling,2087-03-31T17:26:16.724,9,133
87,Garry Botsford,2079-08-04T06:12:04.302,12,27
88,Kirk Bradtke,2023-01-31T00:33:29.795,3,27
89,Josephine Hansen,2075-01-01T03:56:20.436,12,58
90,Stacy Franecki Jr.,2008-02-03T16:03:54.679,11,42
91,Angelina Koch Sr.,2046-03-03T09:34:35.932,6,23
92,Kellie Rice,2018-11-15T16:31:40.948,3,79
93,Delbert Collins,2019-07-10T15:16:24.332,8,156
94,Carl Carter,2026-02-09T06:08:26.235,1,24
95,Felicia McDermott,2038-03-28T05:31:02.110,6,87
96,Elena Volkman,2015-05-16T07:04:08.270,7,115
97,Lowell Bechtelar,2055-10-19T05:22:56.395,2,32
98,Betsy Borer,2043-09-13T17:57:12.879,5,46
99,Lucille Sauer,2036-06-26T23:53:04.230,3,174
100,Rudolph Mills,2012-12-14T06:03:11.778,11,27
101,Miranda Rowe,2029-07-20T18:14:31.852,1,22
102,Veronica Auer DDS,1991-10-06T02:20:54.489,10,132
103,Christopher Nienow,2047-12-15T00:36:32.718,6,1
104,Isabel Boyer,1991-04-18T17:49:34.199,12,111
105,Susie Gutkowski,2043-02-12T19:56:51.397,11,43
106,Ana Heathcote,2052-08-04T17:28:30.214,11,9
107,Jackie Metz,2059-07-23T14:57:34.510,11,6
108,Sally Ritchie,2002-11-22T11:23:38.817,12,51
109,Ted Jones,1990-12-26T11:27:35.532,1,64
110,Andrea Huels,2052-04-14T15:02:34.910,7,90
111,Alexis Bradtke,1993-07-04T19:20:55.375,12,116
112,Sidney Yost,2065-01-24T20:38:46.479,2,113
113,Mr. Kelli Johnston,2036-04-28T23:26:18.731,9,13
114,Tomas Abernathy,2075-09-08T15:21:42.670,6,167
115,Clint Pfeffer,2058-12-18T21:41:57.721,8,83
116,Rochelle Prohaska,2045-06-27T06:52:08.002,7,147
117,Terry Douglas,2080-01-25T16:42:20.910,3,2
118,Roxanne Runolfsson,2086-09-25T23:19:09.011,5,71
119,Ms. Crystal Huels,2084-03-08T12:11:49.498,3,62
120,Ellis Ward I,2081-06-02T07:13:16.264,3,140
121,Gretchen MacGyver,2074-01-09T06:25:52.285,1,92
122,Jeanne Schamberger,2011-11-07T04:02:58.682,12,62
123,Delores Buckridge,1990-01-08T18:50:47.681,3,90
124,Rosa Ankunding,2099-06-26T13:18:46.907,11,56
125,Ms. Mercedes Beahan,2003-05-09T12:49:23.698,7,132
126,Damon Abshire,2027-08-30T03:26:49.882,5,63
127,Kelli Mitchell Jr.,2075-01-04T00:05:25.520,8,104
128,Stanley Simonis,2081-11-18T17:09:21.377,8,75
129,Opal Wunsch,2005-07-07T13:45:47.391,5,145
130,Denise Morissette,2086-02-12T05:38:41.295,6,152
131,Silvia Blick,2078-05-14T06:25:28.275,4,18
132,Angel Batz,2071-11-01T06:12:19.913,7,48
133,Gladys Hintz III,2006-04-15T13:08:04.492,11,115
134,Miss Kelly Cole,2018-12-04T09:58:42.041,3,28
135,Sara Brekke IV,2011-11-03T23:16:55.602,8,6
136,Anne Thompson,2038-12-10T05:53:18.732,1,1
137,Carlton Kunze,2000-10-16T02:05:03.482,1,17
138,Audrey Huel,2003-03-08T22:06:33.415,3,138
139,Willis Harvey,2070-10-20T04:16:33.721,4,125
140,Jennie Bailey,2001-12-03T14:58:14.842,9,45
141,Dr. Roderick Farrell,2033-02-16T16:23:56.097,2,102
142,Sylvester Larson,2023-02-20T14:09:21.542,3,19
143,Garry Auer,2049-10-25T01:52:06.457,9,113
144,Lyle Adams IV,2047-02-28T03:29:34.348,10,141
145,Terrell Koss,1999-02-06T09:43:04.294,12,13
146,Miguel Yost,2065-09-30T01:17:55.357,4,166
147,Ruby Howe,2000-09-22T04:06:55.864,11,81
148,Francis Howe,2039-07-22T00:39:44.551,12,48
149,Dr. Patty Kautzer,1993-07-25T09:10:22.619,5,154
150,Michelle Balistreri,2028-05-09T06:40:24.340,8,108
151,Al Boyer,2084-07-06T04:53:10.206,2,118
152,Rita Ward,2016-11-10T11:02:03.281,2,112
153,Alfonso Shields,2078-09-07T18:38:27.909,2,21
154,Nora Aufderhar,2071-06-27T03:13:48.040,4,121
155,Mr. Beatrice Baumbach,2063-05-17T05:09:59.890,3,144
156,Ms. Edwin Howell,2086-07-09T02:55:05.996,6,131
157,Diana Upton,2014-06-07T23:33:39.288,7,132
158,Ms. Melody Brown,2070-12-23T06:14:55.361,3,160
159,Megan Mante,2071-11-26T02:40:17.976,5,178
160,Marshall Reynolds,2087-12-16T17:12:12.408,10,162
161,Luis Jacobson,2020-10-11T22:46:42.852,4,125
162,Delbert Padberg,2098-06-23T17:32:39.734,2,75
163,Annette Hyatt DVM,2043-12-01T05:23:38.083,1,175
164,Gwendolyn McCullough,2019-02-06T10:12:28.635,3,107
165,Edgar Ebert,2021-02-23T09:40:50.656,5,147
166,Cathy Legros,2015-09-22T16:38:53.799,7,119
167,Faye Hansen,2084-05-07T17:10:04.621,4,109
168,Terry Kling I,2047-09-20T02:40:45.714,4,146
169,Edward Thiel,2013-09-03T07:16:23.589,5,39
170,Laurie Sauer Jr.,2003-04-22T03:49:46.645,4,119
171,Krystal Ryan,2053-04-16T11:29:14.952,3,115
172,Phil Turcotte,2030-11-10T16:25:39.604,5,156
173,Darrin Bauch,2049-06-21T05:43:27.894,7,95
174,Kirk Lesch,2067-11-13T02:04:08.289,10,75
175,Jenny McGlynn,2093-01-13T10:29:06.594,10,166
176,Sheila Armstrong DDS,2080-12-20T13:51:26.338,5,142
177,Kendra Crist,2033-02-24T10:12:23.553,1,151
178,Garry Roob Jr.,2060-10-07T09:29:04.354,4,109
179,Debbie Becker,2005-03-18T00:02:10.253,7,106
180,Arthur Cummings,2060-08-14T15:09:34.479,7,4
181,Julio Windler,2092-07-26T05:51:07.908,10,46
182,Domingo Pfeffer,2076-06-21T17:10:18.917,3,81
183,Mrs. Gwendolyn Wisoky,2050-09-17T18:55:06.687,3,150
184,Sherman Kub,2038-12-27T19:53:50.686,11,36
185,Marcus Jast IV,2050-04-11T14:42:19.591,6,157
186,Johnathan Ebert,2068-07-17T07:23:11.241,12,165
187,Fannie King Sr.,2069-02-19T19:53:11.153,1,172
188,Maggie Medhurst,2065-08-11T09:15:14.946,1,102
189,Bob Hayes DVM,2000-05-28T11:50:07.387,1,160
190,Helen Sporer,2003-03-09T13:05:38.282,6,129
191,Rufus Kihn,2016-07-31T17:42:53.399,3,166
192,Mitchell Monahan,1995-03-19T21:03:43.548,4,20
193,Josh Grant,2006-06-19T12:00:16.543,6,178
194,Eddie Greenfelder DDS,2051-08-29T00:49:50.467,3,76
195,Fred Ledner,2015-10-24T08:39:03.563,1,177
196,Stuart Kuhic,2099-12-17T06:41:20.115,3,143
197,Lorraine Doyle,2059-02-26T10:53:10.341,7,54
198,Lucia Bode,1991-02-14T09:36:35.576,7,43
199,Wayne Streich,2051-12-10T22:54:54.654,12,158
200,Dallas Batz,2094-03-23T16:22:28.023,8,117
201,Mr. Maurice Grady,2039-08-22T10:01:45.657,4,34
202,Miss Adrienne Ward,2001-06-27T10:52:00.543,5,69
203,Deborah Kirlin MD,2011-02-22T19:03:48.106,8,133
204,Jaime Hintz,2043-09-22T01:12:36.953,4,103
205,Vincent Grimes,2007-09-13T19:38:11.663,12,106
206,Bertha Lebsack,2076-06-05T20:49:10.378,7,174
207,Simon Gusikowski,2047-09-01T00:44:34.587,10,54
208,Kimberly Effertz,2026-10-27T07:19:09.685,9,143
209,Jessica Rutherford,2008-09-29T17:12:14.299,11,105
210,Sheri Rodriguez,2029-03-11T18:36:26.001,11,148
211,Dr. Leonard Hauck,2058-01-30T00:41:27.929,12,30
212,Alberto Ullrich,1990-01-26T16:12:34.608,2,70
213,Alison Bogan,2087-06-04T01:39:57.892,4,158
214,Enrique Corkery,2071-05-14T01:17:58.428,12,138
215,Ramon Anderson,2071-04-09T12:16:22.016,2,168
216,Lionel Koss II,2004-12-11T21:46:28.942,6,20
217,Elisa Crooks DDS,2071-12-06T14:16:38.719,5,82
218,Jonathon Cronin,2075-06-12T05:42:21.587,12,158
219,Ms. Traci Stracke,2055-07-01T08:15:40.996,3,49
220,Pauline Cremin PhD,1994-06-07T18:07:32.211,4,134
221,Valerie Mertz,1993-07-31T17:39:14.978,5,89
222,Ginger Willms,2092-12-28T21:36:31.892,2,138
223,Hugh Emard,2002-08-25T17:21:29.181,1,116
224,Armando Dickens,2086-01-06T13:11:38.903,2,56
225,Kimberly Hermiston,2034-07-05T07:10:08.422,9,66
226,Manuel Emmerich DVM,2019-02-01T00:48:03.046,6,167
227,Felipe Dare II,2053-01-19T15:10:32.123,12,52
228,Miss Dwight Gusikowski,2097-05-01T20:26:06.854,6,134
229,Jenna Jacobi,2013-06-15T22:25:22.974,2,34
230,Miss Rudolph Jones,2004-08-08T05:34:54.302,10,159
231,Dexter Upton,2082-09-20T17:35:07.251,4,31
232,Johnathan Robel,2086-07-16T15:35:10.795,12,125
233,Betty Rohan,2015-06-26T06:18:21.169,6,101
234,Taylor Barrows,2043-02-03T19:27:35.373,6,102
235,Gwendolyn Ratke,2082-12-04T20:33:02.376,6,158
236,Micheal Mueller,2095-10-03T02:51:51.598,11,70
237,Gwendolyn Bernier,2071-05-12T00:53:01.833,9,178
238,Sheryl O'Conner,2051-06-12T08:40:30.838,4,123
239,Emmett Thiel DDS,2073-09-16T15:54:52.977,3,22
240,Shaun Hettinger,2006-08-28T22:09:45.304,6,86
241,Mr. Susie Price,2087-11-13T19:59:04.501,7,40
242,Kayla Abshire,2091-06-24T11:30:01.712,11,59
243,Nina Crona,2000-03-21T10:59:29.154,1,33
244,Mrs. Rosemarie Quigley,2048-11-21T08:53:07.441,9,160
245,Sonya Jerde,2014-07-29T15:59:17.485,1,148
246,Joan Weber Jr.,2058-08-21T08:50:44.701,8,39
247,Dustin Becker,2087-06-01T12:49:58.464,6,142
248,Kirk Dicki,2038-01-01T14:10:23.529,9,75
249,Sammy Predovic,2048-09-19T19:39:42.261,12,136
250,Chester Frami,2034-12-01T06:42:38.369,4,20
251,Marilyn Welch,2008-01-19T09:35:03.028,3,1
252,Noah Paucek,2054-05-16T15:26:34.870,12,120
253,Kimberly Sipes,2098-08-23T07:32:51.298,1,46
254,Traci Crist,2011-02-14T13:38:49.038,5,1
255,Joanna Kozey,2058-04-05T19:59:17.623,9,24
256,Ms. Kendra Koepp PhD,2066-08-19T20:55:06.171,10,159
257,Dianna West,2064-03-03T05:25:38.119,5,37
258,Benny Robel,2063-10-19T02:20:42.584,2,34
259,Arnold Breitenberg,2055-02-10T08:01:33.511,9,126
260,Tabitha Grant,2030-04-25T02:09:30.402,7,41
261,Marty Schmitt,2024-04-11T17:07:31.709,11,162
262,Shirley Schowalter,2090-10-03T03:22:35.533,1,96
263,Sandy Konopelski,2085-11-03T12:20:32.722,7,23
264,Andrea Schoen III,2052-04-06T03:29:31.139,9,132
265,Alexander Roob,2022-03-10T22:12:04.433,1,146
266,Russell Crona IV,2045-07-22T07:13:09.137,8,34
267,Blake Klocko,2007-02-11T20:08:18.846,11,89
268,Carl Haag,1996-05-06T10:27:27.150,3,155
269,Ira Weimann,2074-11-22T02:11:57.346,1,6
270,Juan O'Connell,2016-03-21T04:50:21.886,5,115
271,Lauren Stehr,2089-04-25T19:54:03.343,6,37
272,Naomi Rippin,2089-05-24T22:10:20.785,9,32
273,Dwayne Armstrong,2090-07-06T20:03:08.657,11,64
274,Miss Rudolph Pagac,2008-02-01T10:37:24.388,7,106
275,Dianne Shanahan,2086-01-16T12:42:14.997,1,47
276,Carol Auer,2021-11-27T22:57:46.668,11,104
277,Ms. Eva Glover,1996-12-22T02:50:00.442,8,69
278,Roy Towne,2085-01-25T15:07:41.030,10,80
279,Claude Runolfsson,2076-11-21T09:10:33.105,8,45
280,Wesley Rice,2032-10-21T06:49:53.733,2,138
281,Miss Gilbert Huel,2082-07-03T23:15:07.973,7,33
282,Gail Borer,2099-05-01T08:54:22.380,7,141
283,Mabel Willms,2098-11-30T02:53:17.966,10,66
284,Olive Deckow,2065-10-03T19:22:08.094,2,22
285,Erika Altenwerth IV,2032-09-14T01:50:00.547,12,137
286,Catherine Welch,2005-07-10T19:07:34.687,2,52
287,Ms. Rudy Wyman,2044-01-18T18:49:22.001,8,49
288,Jean Trantow,1991-03-09T15:55:12.042,1,170
289,Andre Luettgen MD,2086-02-13T18:35:41.117,6,89
290,Mr. Celia Kutch,2055-04-02T09:27:10.266,4,149
291,Opal McDermott,2078-02-26T17:40:54.333,8,166
292,Randal Cruickshank,2051-01-09T18:59:00.659,9,57
293,Lydia Mann,2054-07-20T02:50:47.549,11,74
294,Felix Abernathy,2034-01-25T20:25:16.487,12,127
295,Theresa Walsh,2088-06-07T07:52:10.360,6,14
296,Loretta Bartell III,2069-06-22T19:39:46.313,12,9
297,Gertrude Altenwerth,2072-09-06T18:21:17.809,2,138
298,Mary Rice,1995-02-23T22:18:58.669,5,10
299,Faith Nitzsche,2067-02-07T18:14:19.289,5,147
300,Mrs. Harriet Paucek,2025-10-29T10:03:47.447,9,1
301,Reginald Reilly,2094-01-23T09:25:50.924,7,100
302,Ignacio Welch,2052-05-09T05:52:30.608,6,151
303,Ms. Matthew Tromp,2085-03-20T04:57:36.740,12,163
304,Juanita Ratke,2021-12-23T09:57:51.535,7,20
305,Terrance Moore,2004-08-28T16:42:47.715,2,90
306,Edmund Batz,2051-04-02T07:28:45.661,9,27
307,Bessie Hane MD,2004-01-30T20:26:31.949,3,163
308,Cheryl Lakin,2021-12-27T18:50:50.848,12,1
309,Anthony Kuphal,1999-12-14T15:15:06.964,9,64
310,Raul Botsford,2036-01-02T12:07:50.902,1,49
311,Fannie Yost Jr.,2084-01-17T16:58:14.255,8,146
312,Miss Mary Reichel,1994-11-24T03:42:56.702,6,45
313,Nina Funk,2003-06-04T21:01:17.779,2,126
314,Lynn Bruen PhD,2082-05-12T20:58:26.552,10,149
315,Gail Harris,1993-04-23T22:14:53.117,6,124
316,Keith Simonis,2001-03-15T15:34:27.420,8,16
317,Charlie Harvey,2047-06-23T14:02:23.342,7,103
318,Jeanette Hirthe,2036-01-07T10:04:15.676,12,85
319,Carrie Morissette,2048-01-05T04:59:27.588,9,149
320,Elena Schuster Sr.,2021-05-20T18:23:47.942,9,90
321,Ramona Brakus,2043-11-13T12:09:16.603,7,10
322,Miss Kelley Morissette,2001-10-26T09:36:13.054,7,68
323,Stewart Leffler,2034-06-13T13:23:09.894,5,4
324,Cecil Baumbach,1999-11-27T19:15:25.234,1,27
325,Antoinette Vandervort,2084-05-02T11:09:25.835,7,128
326,Ann Glover,2030-12-05T14:15:21.966,12,155
327,Tommy Osinski,2048-07-17T06:19:26.739,10,36
328,Clint Trantow,2063-11-29T15:17:41.764,10,101
329,Kimberly Watsica,2013-12-12T17:15:04.685,5,142
330,Rudy Abernathy,2060-05-03T03:00:19.626,9,49
331,Johnathan Rodriguez,2036-03-16T04:53:29.969,6,10
332,Roman Rath I,1999-02-28T22:23:00.063,1,110
333,Mr. Bonnie Block,2079-03-15T23:43:43.564,12,66
334,Carla Purdy III,2041-04-06T22:13:15.509,8,80
335,Jason Dickinson,2099-07-01T04:41:47.518,4,26
336,Allison Doyle,2043-09-13T19:19:18.192,4,92
337,Noah Schaefer,2027-02-17T01:57:03.960,4,19
338,Edward Larson,2050-12-29T16:48:54.509,12,106
339,Ryan Graham,2027-08-31T21:31:21.442,3,112
340,Rachael Abernathy,2043-10-16T08:15:58.220,4,10
341,Melanie Medhurst PhD,2047-01-21T08:07:46.992,9,94
342,Joanne Little,2062-04-26T11:49:05.855,6,125
343,Dexter Gislason DVM,2023-11-26T01:16:00.301,3,178
344,Jill Koch,2053-01-31T18:14:16.501,4,104
345,Kelvin Huel,2001-02-11T14:21:24.938,9,42
346,Rufus Walker IV,2062-01-21T10:22:23.935,10,90
347,Roxanne Powlowski,1999-06-21T05:35:37.593,11,50
348,Tara Cremin,1999-06-17T05:31:40.444,7,19
349,Adrienne Labadie,2014-01-21T18:50:12.525,9,177
350,Conrad Rogahn,2075-07-03T08:23:01.233,3,40
351,Leon Weber,2011-02-16T19:32:42.447,5,165
352,Larry Kirlin,2040-06-30T17:24:24.415,4,94
353,Nicole Schroeder,2018-08-22T17:36:43.301,11,147
354,Jasmine Kling,2047-05-05T21:32:07.573,2,154
355,Joyce Mueller,2072-01-27T12:31:51.120,3,80
356,Margarita Smitham V,2082-10-05T09:53:48.695,12,105
357,Dr. Erma Sipes,1998-11-13T09:04:38.684,11,29
358,Louise Leannon I,2057-11-08T16:29:06.458,9,139
359,Miguel Bergstrom,2009-12-31T04:59:16.173,4,36
360,Nicolas Ankunding,2073-12-29T20:58:52.102,4,20
361,Ms. Wm Kemmer,2011-08-30T21:25:10.916,2,33
362,Amber Walter,2095-06-10T10:05:17.522,9,90
363,Mrs. Nora Auer,2041-07-06T16:46:27.057,12,32
364,Blanca Nienow,2046-07-02T23:46:43.716,7,158
365,Sherri Hintz,2065-11-02T12:01:35.679,9,84
366,Wilbert Prosacco,1992-10-10T04:50:47.922,10,161
367,Samantha MacGyver,2050-03-10T03:37:09.227,6,43
368,Stephanie Becker,2011-06-17T02:46:15.617,10,103
369,Rick Mante,2039-08-10T06:52:39.606,7,172
370,Claudia Deckow,2032-08-22T21:56:07.515,5,122
371,Noah Okuneva,2016-08-23T23:10:33.972,11,32
372,Allen Boyer,2098-03-10T09:35:27.781,1,98
373,Michelle Shanahan,2069-03-10T15:11:46.760,12,35
374,Julia Mohr,1991-04-26T13:33:22.471,11,104
375,Rodolfo Hintz,2094-11-26T18:28:33.059,2,10
376,Charles Flatley,2046-08-25T05:07:59.296,5,88
377,Jorge Sipes,2087-02-17T13:19:01.044,11,182
378,Moses Langworth,2085-01-02T17:19:00.667,2,166
379,Christie Kuhn,2012-09-09T09:19:50.953,12,9
380,Yvette Wiegand,1993-12-23T22:34:02.136,9,52
381,Lloyd Will,2021-02-11T13:05:46.754,12,60
382,Ken Reilly,2019-05-08T19:59:54.301,12,119
383,Blake Hartmann,1992-09-26T10:40:29.423,4,7
384,Abraham Wisozk,2022-04-15T21:53:58.008,2,168
385,Gerard Cole,2057-05-02T01:32:12.942,1,2
386,Lindsey Fay,2019-11-18T16:28:00.061,3,98
387,Latoya Prohaska,2026-10-03T22:31:19.721,6,164
388,Lori Hintz,2053-06-06T13:37:23.269,2,94
389,Laurie Johnson,2050-01-04T18:53:00.667,4,19
390,Ramiro Dietrich,2010-11-27T08:37:30.247,9,31
391,Juan Prosacco,2052-03-15T12:40:02.569,4,73
392,Lorena Luettgen DVM,2013-03-06T07:31:25.740,11,172
393,Noah Gibson,2052-06-05T20:56:58.836,5,85
394,Mrs. Archie McDermott,2088-07-17T00:45:22.779,4,34
395,Tara Heidenreich,2084-12-04T19:17:59.865,6,151
396,Owen Kuphal,2092-01-20T07:59:51.476,10,38
397,Clifton Ward,2044-01-29T04:58:18.991,6,31
398,Miss Loren Hirthe,2049-05-20T12:14:31.131,7,113
399,Lewis Oberbrunner,2094-06-15T00:47:46.080,3,149
400,Kathleen Durgan,2034-03-22T15:09:55.081,7,99
401,Sammy Goldner DVM,2058-08-15T16:10:28.237,1,98
402,Terrance Donnelly,2036-08-24T06:58:00.120,6,157
403,Adrian Leannon,2078-12-14T04:25:09.229,3,133
404,Estelle Franey,2045-06-19T17:03:30.154,8,35
405,Lorraine Kerluke III,2011-09-13T09:46:37.240,9,96
406,Steve Borer,2069-07-02T19:46:14.706,12,59
407,Angela Jakubowski,2051-11-14T00:24:50.281,10,57
408,Matt Becker,2051-01-30T19:23:38.866,11,44
409,Mrs. Clayton Dickens,2042-09-18T21:51:18.297,10,123
410,Melinda Armstrong,2008-06-12T04:23:53.876,6,99
411,Kathryn Hettinger,2009-08-12T06:30:39.501,1,177
412,Pedro Goldner,2063-09-28T23:46:57.439,4,127
413,Kayla Toy,1992-12-04T04:44:47.482,7,48
414,Rosa Weber,2096-10-04T16:09:27.185,2,142
415,Sarah Emard,2014-12-30T01:48:26.620,10,5
416,Jorge Hayes,2062-12-04T07:32:00.789,7,104
417,Gilberto Lakin,2057-01-25T23:26:15.168,2,52
418,Scott Davis,2029-11-29T03:27:34.291,9,166
419,Edna Morissette,1997-09-22T20:55:58.046,7,151
420,Darla Bahringer,2010-02-13T11:00:17.065,9,42
421,Heather Von,2027-02-14T19:17:54.112,5,100
422,Ollie Connelly,1996-07-31T01:37:11.878,12,90
423,Leona Douglas,2090-08-21T04:21:04.214,11,124
424,Jon Gerlach,1990-08-03T11:35:42.083,3,22
425,Bryant Ward,2098-02-02T00:35:25.473,5,41
426,Derrick Weimann,2098-05-31T08:50:12.251,7,163
427,Fernando Greenfelder,2037-10-03T21:05:57.247,12,142
428,Mrs. Leigh Fisher,2008-02-22T23:54:39.053,10,19
429,Marion Schuster,1993-11-22T13:25:09.856,7,5
430,Kate Stanton,2050-09-20T17:48:53.110,5,52
431,Mr. Cory Gibson,2099-03-10T00:49:31.619,8,90
432,Derek Connelly,2059-01-16T01:17:19.551,3,35
433,Corey Rice MD,2077-05-30T23:35:20.624,4,79
434,Franklin Predovic,2071-12-04T14:24:43.887,9,151
435,Florence Greenholt,2010-04-15T02:21:43.833,7,83
436,Miss Jan Kovacek,2028-10-09T02:41:55.425,12,41
437,Carlton Crooks II,2060-10-19T03:07:14.667,10,22
438,Austin Graham I,2099-06-23T17:36:49.584,1,42
439,Pedro Littel,2087-03-18T09:13:39.902,3,166
440,Mr. Jesse Kreiger DVM,2057-09-14T13:23:23.455,4,99
441,Paulette Rempel,2048-12-18T02:52:59.662,8,9
442,Sharon Schaefer Sr.,2052-08-16T14:09:27.310,11,73
443,Marcus DuBuque DVM,2025-04-07T07:45:17.853,4,23
444,Clayton White,2039-09-27T20:45:39.368,7,136
445,Rosemarie Altenwerth II,2032-02-24T14:33:28.545,6,58
446,Lynn Rogahn,2080-03-16T18:29:21.124,12,139
447,Duane Gleichner,1998-12-08T05:13:44.426,11,32
448,Jake Weber,2024-11-26T12:03:21.891,5,120
449,Frances Kris,2026-08-19T16:49:09.650,11,167
450,Casey Turner,2086-06-22T22:30:54.568,6,165
451,Anne Jaskolski,2020-06-30T08:45:26.005,7,108
452,Warren Keebler,2025-10-25T18:08:12.434,1,134
453,Debbie Reynolds,2022-01-11T23:59:11.748,11,98
454,Cecelia Funk,2086-08-04T21:39:17.272,5,68
455,Jose Bosco,2066-08-08T12:39:07.867,2,180
456,Tara Jacobs,2002-08-01T20:53:23.727,3,18
457,Tricia Brakus,2087-03-09T19:25:41.775,5,6
458,Verna Gusikowski,2029-03-18T07:58:47.930,9,6
459,Melody Jakubowski,1996-05-23T04:52:16.564,7,122
460,Kerry Crist,2042-02-26T23:04:37.090,8,156
461,Dr. Joyce Rempel MD,2033-12-07T00:00:27.242,4,86
462,Irvin Jacobi,2071-03-03T07:54:13.472,7,27
463,Mario Rau II,2021-04-27T22:36:21.589,1,144
464,Glenn Barrows,2036-04-07T16:21:39.524,9,35
465,Betsy O'Conner,2003-08-17T19:37:27.625,3,153
466,Dr. Patsy Kuhlman,2043-12-09T12:46:04.051,10,85
467,Sandy Johnston,2061-05-26T17:47:23.399,4,104
468,Kelli Gutmann,2030-07-17T01:20:42.999,5,69
469,Jacqueline Weber,2004-04-03T01:59:19.814,7,180
470,Clinton Goyette,2070-01-31T20:47:24.161,5,71
471,Marlene Auer,2053-05-10T19:41:23.815,5,83
472,Marlene McCullough,2050-10-23T23:22:03.884,4,72
473,Dianne Stracke,2010-08-09T13:30:34.707,11,103
474,Patsy Wiegand,2095-09-27T02:13:53.919,6,119
475,Samuel Towne DDS,2081-04-28T12:31:19.281,3,179
476,Celia Konopelski,2077-07-25T08:04:47.659,9,23
477,Eloise Schaefer,2065-01-17T05:47:51.407,12,101
478,Hubert Mayer,2099-06-20T14:44:14.170,2,171
479,Julio Littel,1995-03-29T15:49:01.472,1,15
480,Theodore Treutel,2019-06-14T13:41:10.004,1,107
481,Howard VonRueden,2082-08-12T14:23:40.497,1,9
482,Mrs. Rhonda Ward,2087-05-26T14:53:30.574,6,109
483,Joyce Bartoletti,2055-08-18T11:28:04.081,8,4
484,Charlie Schroeder,2007-10-03T16:18:46.000,9,58
485,Brandy Wolff DDS,2038-07-25T03:39:27.406,9,133
486,Leticia Legros,2012-02-02T18:17:04.405,2,61
487,Randal Kuvalis,2000-12-29T01:02:24.664,5,83
488,Simon Hudson,2000-08-12T20:34:02.420,1,148
489,Freddie Stamm,2063-12-14T14:40:44.668,10,51
490,Mr. Christian Mohr,2050-12-29T23:43:23.541,4,157
491,Clifford Conn,2025-07-03T05:11:17.758,4,152
492,Dixie Wilderman DVM,2022-07-09T08:38:42.675,7,103
493,Iris Stoltenberg,1998-03-18T02:30:17.752,2,91
494,Sara Koepp,2014-12-06T09:03:56.866,10,140
495,Mrs. Rita Hudson,2022-06-21T07:55:22.303,8,157
496,Evan Schulist,2051-09-09T19:41:30.446,2,59
497,Elena White,2039-12-02T06:37:04.079,2,108
498,Michele Robel,2079-08-30T07:33:15.654,7,109
499,Dr. Anna Davis,1996-01-31T15:40:35.841,1,105
500,Sophie Champlin,2003-02-25T23:36:37.676,7,96
1,Mrs. Billy Keebler,2065-07-03T12:41:59.274,7,70
2,Erika Stoltenberg,2026-09-22T03:53:35.444,12,18
3,Mr. Lamar Osinski,1999-02-03T22:29:36.594,2,58
4,Jay Parisian,1997-05-13T15:18:38.612,1,41
5,Zachary Bechtelar,2071-01-02T12:08:51.067,1,127
6,Mr. Blanca Wilkinson,2083-08-28T00:50:23.866,8,145
7,Dan Jacobi,2089-08-16T15:58:57.125,8,106
8,Traci Morissette,2076-06-05T12:11:57.026,4,46
9,Kurt Bruen,2097-05-17T14:37:45.134,10,43
10,Bonnie Kihn,2074-11-01T01:24:12.228,11,151
11,Linda Cummerata,2055-04-11T14:08:41.888,11,173
12,Ms. Rose Bogisich,2051-08-22T23:40:48.216,3,166
13,Pedro Batz,2073-06-23T08:50:02.673,1,50
14,Edward Hermiston,2061-07-27T17:23:03.764,3,137
15,Maryann Gerlach,2049-01-14T04:18:14.172,11,165
16,Tricia Marks,2045-06-05T03:16:05.058,8,123
17,Kay Treutel,2062-02-16T22:57:50.906,5,22
18,Olive Dibbert,2067-03-09T09:00:11.126,7,102
19,Blake Shanahan,2077-01-24T23:37:06.703,5,35
20,Laverne Borer,2070-06-26T20:34:19.259,5,34
21,Phil Langosh,2089-09-26T07:36:18.321,10,56
22,Matthew Huel,1994-03-15T22:08:00.749,12,67
23,Philip Swaniawski,2055-12-11T20:22:36.277,5,28
24,Caleb Powlowski,2089-09-09T21:02:23.587,8,23
25,Mr. Stanley Howell,2078-06-03T12:11:55.863,5,155
26,Mrs. Judith Osinski,2044-06-08T12:02:36.431,12,84
27,Boyd Witting,1993-04-21T11:07:32.351,5,3
28,Marion Rogahn,2041-09-06T11:38:56.951,10,131
29,Brandy Hickle,2003-10-30T14:23:10.387,12,23
30,Jonathan Satterfield DVM,2036-05-04T06:52:15.996,12,106
31,Deborah D'Amore,2073-05-24T13:03:02.194,5,166
32,Lori Ernser MD,2027-09-09T03:43:58.388,12,27
33,Bernard Wunsch,2032-08-12T17:39:49.812,4,117
34,Leroy Pouros,2038-06-07T05:25:03.030,11,41
35,Kristina Kris II,2087-09-11T19:25:33.742,1,39
36,Roberta Kutch,2095-12-02T09:48:23.730,9,136
37,Frank Effertz I,2048-05-06T12:36:50.270,9,114
38,Ms. Brooke Christiansen,2009-06-16T23:57:38.866,1,66
39,Debbie Ruecker,2078-06-04T19:05:23.353,7,57
40,Alfonso Shields,2072-11-12T15:55:16.099,11,22
41,Maggie Larson,2033-10-10T00:54:07.527,10,177
42,Ray White DVM,2064-06-12T00:04:59.471,7,68
43,Geraldine Dietrich DDS,2085-04-03T01:29:45.831,11,122
44,Nellie Frami,2061-09-15T09:17:27.117,11,96
45,Morris Green,2045-05-30T18:40:38.978,8,23
46,Evan Runte,2014-06-11T13:47:24.132,3,22
47,Mrs. Shelley Blick,2055-07-05T19:28:33.708,6,53
48,Ken Schiller,2042-01-07T07:52:31.675,10,62
49,Marcia Beahan,1994-09-14T13:17:48.670,11,132
50,Casey Ferry,2017-07-18T18:38:24.910,2,53
51,Joyce Koch,2033-05-19T15:34:46.628,11,7
52,Irma Cormier,2055-09-10T10:52:18.788,3,176
53,Marjorie Mertz,2051-05-16T02:00:25.725,6,129
54,Jerome Bartell,2015-01-01T04:56:06.554,4,13
55,Debra Kuphal,2075-12-28T07:26:06.667,2,179
56,Wilbert Kuphal,2059-04-04T07:28:28.289,11,43
57,Karla Koss,2088-12-17T23:17:32.109,5,98
58,Mrs. Glen Goodwin,2034-10-24T03:05:04.353,8,29
59,Terrell Hane,2003-09-03T05:18:05.028,9,110
60,Karen Spinka,2076-04-11T08:44:28.743,11,89
61,Christina Collins,2051-06-19T23:37:16.679,1,13
62,Carlos Schmitt,2018-06-02T22:40:34.986,4,146
63,Michelle Bernhard,2055-05-07T19:38:41.125,5,132
64,Mattie Hoeger,2097-11-20T12:59:51.707,10,90
65,Charlie McCullough,2026-10-21T11:20:48.297,4,133
66,Grant Paucek,2078-11-25T12:20:52.244,11,75
67,Ellen Wunsch,2042-02-24T08:32:45.877,8,111
68,Eloise Lind,2078-02-28T11:17:11.049,7,166
69,Jacquelyn McDermott,2074-11-09T18:57:39.206,1,170
70,Samuel Dickinson,2045-02-20T01:00:03.787,6,152
71,Betty Fahey PhD,1998-10-01T09:00:08.114,10,147
72,Molly Halvorson,2040-09-09T07:17:42.615,11,37
73,Gwen Wiegand,2091-04-27T06:03:16.153,7,183
74,Sheldon Medhurst,2077-08-26T19:25:04.041,3,68
75,Tracy Rodriguez,2030-11-22T17:34:58.933,5,143
76,Domingo Friesen IV,2070-04-17T16:33:34.803,4,177
77,Melba Lemke,2070-09-17T09:23:41.034,10,183
78,Kellie Tromp,2045-07-13T19:05:24.191,6,37
79,Frances Feil,2061-05-12T13:12:25.967,10,134
80,Christopher Parker,2087-09-11T13:01:29.678,4,27
81,Israel Stark,2036-03-25T09:53:02.994,3,72
82,Mildred Sawayn,2010-06-05T16:26:13.466,6,22
83,Edmund Powlowski,2049-01-20T14:48:21.349,2,74
84,Leigh Barton,2032-08-03T19:07:58.263,10,71
85,Jake Rodriguez,2097-02-04T16:55:42.774,5,95
86,Leo Harber,2083-09-05T06:08:17.808,3,102
87,Karla Hessel,2085-07-15T02:37:46.617,4,158
88,Mr. Ann Dietrich DDS,2046-01-14T06:18:03.915,8,87
89,Ted Towne,2018-04-20T06:04:06.849,8,91
90,Denise Thiel MD,2096-11-07T09:08:27.034,4,105
91,Dr. Lorene Heaney,1992-02-25T12:51:45.555,11,113
92,Pedro Sanford,2073-11-25T17:06:09.175,10,177
93,Arturo Torp,2067-12-06T01:03:10.811,3,170
94,Cornelius Padberg,2016-03-25T04:35:31.564,8,139
95,Robin Skiles II,2062-09-01T17:34:08.869,10,56
96,Lionel Murphy,2090-08-18T08:59:22.460,7,160
97,Theodore Hahn,2058-04-22T01:31:52.400,10,159
98,Kay Gerhold,2000-07-25T05:48:14.952,9,163
99,Marguerite Tillman,2066-11-26T10:42:57.804,3,51
100,Mathew Harber III,2082-09-28T08:33:22.805,6,154
101,Gerard Bosco,2051-07-09T22:34:16.702,11,122
102,Ms. Tami Nader,2055-08-25T00:52:45.832,1,29
103,Ana Gerhold,2007-02-26T12:18:16.561,3,107
104,Don Kihn,2059-08-29T17:55:51.864,12,45
105,Jonathon Bogan,2016-11-02T15:37:24.302,3,48
106,Joseph Hessel,2016-10-21T02:47:52.716,3,92
107,Dominick O'Kon,2062-08-21T00:19:06.275,5,102
108,Lela Purdy,2024-02-01T04:37:02.466,12,65
109,Lewis Wisoky,2098-08-27T02:46:36.892,3,54
110,Cecilia Lueilwitz II,2037-08-22T16:59:28.444,8,16
111,Lana Mertz,2084-05-07T08:13:53.291,12,109
112,Dianna Wisoky,2038-03-28T08:04:42.322,9,86
113,Melissa Robel,2042-12-11T18:20:28.659,7,131
114,Ms. Armando Barton,2095-04-20T05:14:50.923,11,131
115,Tonya Barton,2067-08-15T21:00:24.380,1,61
116,Terence Fadel,2087-03-01T20:19:25.098,11,117
117,Vernon Considine,2036-10-14T05:06:34.992,10,175
118,Brad Balistreri,2070-08-27T14:55:34.075,9,159
119,Dr. Nellie Bauch,2039-08-13T20:40:44.785,8,100
120,Mr. Maggie Dare,2000-07-24T19:45:53.629,5,44
121,Cody Powlowski,1996-10-04T00:28:57.084,3,22
122,Josh Ziemann,2009-07-10T07:16:31.323,1,59
123,Rudolph Von,2037-01-16T03:34:44.029,12,4
124,Matthew Hammes,2075-06-05T01:26:23.738,9,8
125,Mrs. Edgar Hackett,2025-12-29T04:34:26.520,10,144
126,Myron Hane,2088-10-13T11:20:38.798,3,147
127,Glenn Rohan,2029-05-11T23:38:36.201,11,151
128,Tommie Raynor,1991-04-15T08:19:26.497,12,64
129,Ann Strosin,2038-05-29T00:58:50.357,6,131
130,Marcus Kirlin,2049-04-14T07:55:50.991,1,51
131,Julia Homenick,2062-09-30T08:51:28.833,7,28
132,Mr. Anthony Hessel,2078-12-13T14:21:23.735,4,65
133,Otis Collier III,2097-04-30T20:58:24.283,9,118
134,Woodrow King,2003-10-24T23:49:56.278,7,147
135,Kayla Jacobson,2006-02-16T19:10:38.955,12,2
136,Van Reinger,2039-07-13T21:04:13.106,10,90
137,Terence Douglas,2054-08-05T01:03:13.629,9,177
138,Laura Heller,2004-07-03T01:50:56.145,1,95
139,Willie Corwin,1995-06-01T23:57:29.049,12,99
140,Fredrick Ortiz,2080-12-28T12:01:58.587,12,63
141,Delores Kirlin,2035-02-21T21:52:02.435,9,48
142,Maureen Von,2000-04-11T07:15:34.024,6,32
143,Rebecca Ratke,2034-11-18T08:56:11.809,6,129
144,Jerald Block,2021-02-12T00:04:15.135,11,120
145,Pearl Gusikowski,2004-05-11T16:50:50.052,8,160
146,Andre Rempel,2033-02-07T18:19:26.049,6,172
147,Wayne Smitham Jr.,2088-04-15T03:42:57.967,3,114
148,Rogelio O'Hara I,2001-07-23T23:55:41.549,4,154
149,Harriet Sporer,2090-08-05T00:42:27.814,11,34
150,Helen Kshlerin,2077-07-20T19:30:55.100,10,3
151,Peter Wisoky,2021-11-04T12:57:34.121,7,77
152,Mr. Sylvester Stoltenberg,2064-11-26T17:59:53.925,3,66
153,Pat Emard,2021-02-12T20:15:49.975,7,169
154,Jeremiah Franecki,2067-02-18T04:13:19.810,9,58
155,Edwin Nienow II,2055-04-10T03:18:43.613,11,24
156,Lydia Cremin,2002-06-15T15:10:20.548,12,147
157,Dixie Schinner,2015-04-08T00:43:01.614,9,130
158,Alma Runolfsdottir,2043-11-05T01:41:06.853,12,174
159,Isabel Gleason,2085-11-06T18:24:28.140,5,126
160,Krista Halvorson,2032-03-23T03:31:37.255,5,141
161,Mrs. Gladys Moen,2010-06-17T20:49:38.485,3,120
162,Edgar Ferry,2037-12-12T00:18:37.271,6,166
163,Melanie Mohr,2089-10-25T03:27:56.137,2,164
164,Lana Emard,2036-09-25T16:22:35.480,12,140
165,Dr. Noel Lebsack,2052-01-19T02:04:58.161,4,83
166,Audrey Jenkins,2001-11-21T18:25:33.996,4,117
167,Dominick Spencer,2032-05-09T10:28:36.772,2,29
168,Roderick Kilback,1999-03-04T23:15:18.734,12,170
169,Edwin Collier,2008-07-05T17:56:29.681,7,182
170,Laurie Hartmann,2004-11-29T01:12:38.705,6,80
171,Clifton Koepp,2071-04-01T09:33:21.834,10,113
172,Blanca Schroeder,2077-01-28T09:51:26.185,1,35
173,Sophie Torp III,2063-09-23T04:14:17.334,6,21
174,Ms. Carlton Bruen,2077-09-19T14:27:30.002,5,76
175,Luz Davis II,1999-04-30T13:32:55.800,3,30
176,Martin Beatty,2085-07-07T02:21:11.014,12,9
177,Marco Gislason,2067-09-29T11:03:12.997,11,149
178,Luis Corwin,2052-06-09T04:49:53.590,5,173
179,Salvatore Will,2045-11-07T10:14:20.838,10,179
180,Kristi Smitham,2018-02-20T12:26:23.860,10,126
181,Harry Carroll,1995-09-20T14:38:32.568,11,116
182,Mathew Franecki,1992-02-18T11:20:41.168,5,12
183,Ray Waelchi,2037-03-26T06:00:59.723,5,138
184,Valerie Bednar,1991-02-23T03:42:43.304,5,77
185,Byron Robel,2006-11-04T11:54:22.378,5,28
186,Lori Satterfield DVM,2016-05-11T02:04:42.043,9,24
187,Marlon Tremblay,2078-05-11T00:25:44.214,12,39
188,Kellie Shanahan,2055-01-28T17:31:51.167,3,179
189,Gladys Leannon,2080-05-31T09:34:47.583,12,145
190,Joshua Jacobs,2012-05-22T08:41:02.406,11,141
191,Tricia Beier,2055-01-05T14:10:53.551,1,24
192,Meredith Sanford,1990-06-23T16:48:03.116,6,166
193,Corey Schamberger,2072-05-12T11:07:02.261,6,105
194,Janice Hand,2028-04-14T16:13:22.621,9,105
195,Edmund Kub,2044-03-27T23:10:10.018,9,88
196,Douglas Macejkovic,2021-06-29T16:37:15.870,10,38
197,Jamie Kihn,1997-05-07T20:10:02.802,1,4
198,Jeff Hammes,2075-10-04T16:45:55.872,6,39
199,Matt Cruickshank,1994-09-30T20:38:00.344,9,53
200,Ms. Gayle Stehr,2076-10-04T05:29:02.642,3,156
201,Rebecca Hilpert,2038-01-08T18:13:52.963,3,98
202,Dr. Leroy Schamberger,2019-02-14T11:27:07.681,2,28
203,Muriel Hessel,2047-02-18T00:56:45.417,8,116
204,Damon Reichel,2062-10-20T20:30:50.256,7,141
205,Miss Kristina King,2038-05-20T21:41:29.205,12,100
206,Jacob Mertz,2056-01-09T21:46:26.497,9,173
207,Erik Raynor,2081-12-19T02:41:20.686,1,157
208,Jeffery Ritchie,2010-11-28T00:51:46.617,3,175
209,Allison Barton,2006-08-05T04:13:04.280,3,62
210,Morris Sanford,2048-05-05T01:58:48.889,9,76
211,Brooke McLaughlin III,2081-01-02T16:25:08.261,11,120
212,Rosalie Swift,2029-06-23T11:13:46.924,12,20
213,Tim Ortiz V,2098-05-02T11:40:20.274,4,172
214,Archie Bartoletti,2020-08-10T22:21:36.307,9,108
215,Theodore Schmeler,2094-07-10T19:08:49.754,8,23
216,Sheldon Hermann,2094-04-01T19:54:46.186,3,56
217,Ms. Hattie Graham,2000-01-13T22:39:40.480,9,88
218,Tabitha Fritsch,2017-09-20T02:19:12.514,4,37
219,Neil Marvin,2070-04-05T21:13:18.965,11,182
220,Joe Morar,2067-03-16T08:46:20.262,3,57
221,Jean Lebsack PhD,2014-04-18T16:37:24.574,6,47
222,Miss Clinton Nitzsche MD,2008-05-21T06:54:59.059,10,149
223,Donna Corkery,2054-07-19T10:53:57.828,8,30
224,Stuart Beatty,2059-12-21T12:13:33.688,10,31
225,Maurice Koelpin,1995-04-04T10:21:32.052,6,22
226,Nathan Braun,2046-09-17T05:28:17.829,1,54
227,Owen Kreiger MD,2039-06-15T05:00:18.305,7,124
228,Angel Ritchie,2050-05-13T13:15:59.983,12,26
229,Josh Baumbach I,2015-12-29T06:33:11.880,9,57
230,Jerry Toy,2034-08-25T16:18:13.909,10,100
231,Dr. Janice Purdy,2068-06-09T18:00:25.461,7,139
232,Mrs. Wilma Kassulke,2076-06-12T06:09:02.670,3,87
233,Samantha Rippin,2030-11-28T15:08:14.254,10,176
234,Sadie Schuster,1998-10-13T01:45:30.191,12,160
235,Christina Corkery,2073-04-30T10:58:44.294,7,56
236,Sophie Muller,2078-03-27T18:09:36.495,6,14
237,Peggy O'Keefe,1996-04-13T11:10:31.308,12,36
238,Anne Pouros,2051-10-05T20:32:10.363,4,162
239,Boyd Corkery,2094-09-30T13:38:38.683,2,159
240,Ira Kuhlman,1991-01-14T20:24:42.830,10,48
241,Gary Farrell,2054-08-10T15:11:30.100,2,82
242,Mrs. Lucas Schneider,1997-08-28T06:17:41.578,6,162
243,Mrs. Rodney Prosacco,2031-08-10T11:08:25.509,10,68
244,Emily Mills,2051-12-08T23:17:07.649,4,107
245,Gail Dare,1998-07-27T07:15:31.095,9,49
246,Tomas Bergstrom MD,2073-05-14T18:36:07.495,10,48
247,Curtis Zboncak,2050-11-26T02:38:34.424,8,49
248,Mack Daugherty,2094-04-25T00:41:08.746,1,99
249,Sherry Kulas,2052-10-04T23:26:25.650,7,174
250,Freddie Marquardt,2022-02-04T09:48:40.142,9,16
251,Garrett Durgan,2026-08-26T05:02:56.914,5,19
252,Rhonda Hermann,2051-12-20T12:45:50.474,6,68
253,Lindsey Turcotte,2037-02-23T18:17:03.059,9,5
254,Robyn Cassin,2000-02-20T10:57:36.281,2,97
255,Jorge Toy,2011-10-11T22:14:19.248,4,120
256,Jermaine Pagac Jr.,2077-06-12T05:57:04.269,8,71
257,Robyn Connelly IV,2092-11-14T02:52:54.244,2,124
258,Myron Bartoletti,2009-08-12T23:08:47.233,5,150
259,Susan Funk,2051-06-12T22:07:51.704,1,1
260,Martin Cronin,2027-09-21T11:36:27.033,3,153
261,Orville Oberbrunner,2012-07-03T15:11:18.994,9,59
262,Lucas MacGyver,2006-07-01T02:55:24.120,6,43
263,Jay Doyle IV,2098-06-08T09:55:45.746,9,155
264,Lillian Wolf,2068-06-27T04:16:08.977,4,29
265,Freda McClure,2095-01-22T20:32:04.261,1,151
266,Sonia Jast,2097-05-02T17:14:15.212,6,23
267,Cesar Heidenreich,2027-11-17T06:27:09.210,6,153
268,Lucy Hills III,2020-04-26T20:39:24.601,1,71
269,Nichole Krajcik Jr.,2079-05-24T17:45:53.000,1,125
270,Kristen Murray,2039-12-25T20:08:36.034,10,144
271,Bert Waelchi,2036-10-14T08:30:37.151,4,108
272,Leonard Kshlerin,2084-11-18T12:29:33.174,6,99
273,Ricardo Lockman,2029-09-03T10:37:59.128,11,22
274,Sharon Kassulke,2035-03-13T05:28:18.777,8,152
275,Winifred Hansen III,2045-08-23T23:35:54.174,9,86
276,Eddie Barton,2052-01-11T17:23:06.792,9,64
277,Cecil Dach,2012-01-23T14:05:15.841,11,131
278,Clara Hills Sr.,2040-08-23T10:58:48.358,11,4
279,Colin Rowe,2021-12-14T12:26:02.237,1,95
280,Kelli O'Reilly,2061-10-28T15:35:00.625,8,6
281,Violet Schowalter,2030-03-03T17:49:08.567,2,183
282,Shirley Schamberger,2069-08-19T18:20:44.143,3,143
283,Angie Bins,2008-07-12T17:47:18.462,2,98
284,Marian Reilly,2089-11-02T23:47:37.399,1,141
285,Irvin Jacobson,2017-11-30T14:30:08.100,12,55
286,Harvey Lynch,2026-09-16T14:49:11.568,1,176
287,Dr. Terrell West,2009-08-20T08:33:57.849,12,3
288,Dexter Schuster,2008-04-02T16:39:50.579,2,13
289,Nadine Parker,2060-09-13T12:28:41.589,11,36
290,Dexter Volkman II,2076-07-19T15:09:59.821,4,5
291,Agnes Hammes,1995-09-05T08:24:46.935,9,160
292,Louise McGlynn,2046-11-23T22:14:19.420,9,14
293,Lauren Carter,2053-08-25T17:41:29.418,6,6
294,Juanita Murphy,2091-05-21T22:24:25.948,3,121
295,Belinda Waelchi,2074-10-28T10:42:16.581,2,35
296,Nicole Zboncak,2088-07-21T07:44:36.646,9,70
297,Noah Wiza III,2068-10-01T16:25:28.690,7,60
298,Mr. Cheryl Swift I,2011-10-15T17:50:06.287,10,109
299,Jamie O'Connell,2012-12-30T00:47:34.040,10,177
300,Harvey Becker Sr.,2006-08-08T10:04:01.380,4,182
301,Dominic Turcotte,2061-07-04T13:47:05.787,7,15
302,Miss Andrew Powlowski,2053-12-23T02:13:00.701,7,43
303,Jenna Beatty,2093-01-21T02:18:47.136,5,155
304,Miss Clinton Pollich,2042-10-23T15:49:58.458,6,28
305,Dana Wilkinson DVM,2018-05-29T05:23:42.463,12,147
306,Yvette Mitchell,1995-03-21T02:14:19.445,4,17
307,Lauren Harvey,2026-10-28T13:08:42.963,12,55
308,Mr. Felipe Rau,2084-01-03T15:57:51.820,6,76
309,Gerard Rodriguez,2051-07-20T19:05:48.967,10,125
310,Brad Bode,2073-05-24T08:38:27.071,1,132
311,Amber Howell,2026-09-03T22:11:16.555,12,6
312,Noah Upton,2048-03-19T04:02:29.031,9,109
313,Jean Bernier,2098-07-17T09:22:58.814,1,55
314,Geoffrey Mohr,2016-12-23T11:40:11.177,8,37
315,Robyn Dicki Sr.,2015-04-01T23:40:27.311,7,143
316,Tomas Abernathy,2094-11-18T14:40:52.597,12,11
317,Mona Weimann,2036-06-28T22:57:53.513,5,122
318,Sandy Oberbrunner,2050-06-25T20:03:05.116,9,109
319,Andrew Balistreri,1997-04-05T00:03:47.723,10,56
320,Alma Schmeler I,2008-04-24T08:27:15.317,4,87
321,Roy Kovacek,2037-11-25T04:21:25.062,11,2
322,Ralph Boyer,2003-12-09T12:24:43.038,7,5
323,Mr. Gwen Ortiz,2015-08-18T09:57:57.896,12,94
324,Delores McKenzie,2022-06-24T13:30:44.289,7,109
325,Sidney Blanda,2042-08-01T03:23:29.971,9,64
326,Wendell Moore,2091-01-16T23:07:46.087,9,53
327,Rolando Brekke,1998-09-02T03:47:08.398,1,101
328,Emmett Hoppe,2086-10-02T03:54:13.037,12,40
329,Dorothy Parisian,2046-05-02T03:22:43.561,3,23
330,Marcia Kessler,2042-06-14T18:35:56.557,9,90
331,Fredrick Hickle,2097-04-11T23:54:12.205,2,140
332,Ervin Heller,2051-02-01T08:50:56.381,7,136
333,Ms. Tim Labadie,2051-02-19T14:12:59.703,9,140
334,Randy Tremblay,2032-06-05T21:57:18.879,9,134
335,Tami Reynolds,2027-03-28T11:02:13.043,6,24
336,Julia Herman,2004-01-20T05:49:24.848,3,159
337,Stacy Dare,2034-03-11T23:02:29.651,3,14
338,Irene Connelly,2063-01-04T19:01:33.345,8,15
339,Lynn Zemlak,1994-07-15T20:16:09.529,4,31
340,Jim Emard,2077-01-13T00:41:17.675,10,93
341,Shawna Price,2065-07-01T17:30:47.008,7,23
342,Rogelio Keebler,2092-05-20T09:43:12.549,10,56
343,Tami Carter,2080-01-07T10:09:43.307,11,15
344,Sophie Herman,1994-08-26T15:38:46.527,5,98
345,Inez Shields,2030-01-17T07:03:17.909,1,159
346,Santiago Rutherford,2026-11-02T16:38:30.456,11,34
347,Mildred Swaniawski,2028-09-09T00:02:36.846,1,164
348,Brendan Sauer I,2092-07-27T01:48:02.593,11,94
349,Mitchell Boyer,2033-11-22T12:24:32.022,2,40
350,Darin McKenzie V,2005-11-16T11:04:57.109,3,117
351,Monique Larkin,2093-04-27T21:08:11.083,1,91
352,Jimmy Schoen,2003-11-22T16:09:55.289,9,111
353,Angela Dickens,2085-07-31T04:12:07.157,9,61
354,Alice Dietrich,2085-07-20T07:19:33.256,12,178
355,Phyllis Schuppe,2027-06-07T14:31:16.440,2,19
356,Christy Reinger,2029-11-03T07:04:00.634,7,5
357,Misty Jakubowski,1998-07-29T12:34:58.685,1,153
358,Brandy Windler,2067-09-16T06:40:10.725,4,133
359,Mr. Bethany Mante,2028-06-20T00:47:43.369,12,104
360,Darren Kutch,2017-03-26T01:01:02.216,11,129
361,Sheldon Kerluke DVM,2062-03-06T12:29:38.111,5,22
362,Saul Beer,1992-02-28T22:43:31.263,4,57
363,Linda Cartwright,2024-04-12T18:26:45.561,3,92
364,Ethel Beier,2069-03-15T14:20:34.926,8,137
365,Nick Towne Jr.,2082-12-09T07:39:01.277,5,178
366,Gina Torp,2019-09-01T19:11:28.900,2,174
367,Kristy Hoppe,1990-03-15T09:52:15.269,5,24
368,Eula Osinski,2064-04-28T13:37:11.715,7,1
369,Ernest Block,2077-02-06T05:03:47.139,4,29
370,Margarita Conroy,2065-11-07T07:31:16.476,4,86
371,Rosalie Wolf Jr.,2087-05-22T06:05:21.413,6,158
372,Miss Barbara Nikolaus,2086-10-09T13:12:02.362,6,136
373,Leslie Luettgen,2025-02-05T06:58:35.609,12,111
374,Wilfred Larson,2034-09-05T20:50:30.856,9,183
375,Jeremy Gibson,2036-02-12T16:43:33.667,7,94
376,Yvette Becker,2038-01-30T03:05:39.162,1,10
377,Kyle Schuster,2033-12-31T15:50:06.602,5,83
378,Chelsea Spencer,2076-04-24T04:17:03.988,10,134
379,Dr. Leonard Batz,2022-10-07T07:06:58.646,8,100
380,Mr. Loretta Corkery,2031-12-17T16:45:54.992,9,161
381,Francis Mante DVM,2060-10-29T17:52:12.153,12,91
382,Hazel Schmitt,2091-07-09T18:58:03.889,10,44
383,Lindsay Harber,2081-05-15T19:33:48.024,1,128
384,Jan Ebert,2005-08-13T04:44:35.920,3,137
385,Brandi Walter,2088-02-12T02:21:07.303,5,24
386,Jody Toy,2027-01-02T08:46:09.430,8,120
387,Mrs. Evan Shields,2013-12-13T22:08:49.494,8,72
388,Alice Herzog MD,2083-12-18T19:46:41.366,1,17
389,Ms. Diane Dietrich,2066-01-20T10:28:50.704,10,24
390,Christy Hessel,2086-05-08T01:30:09.323,3,109
391,Catherine Koss,2001-01-28T05:04:44.323,6,151
392,Dominick Smitham,2033-06-07T17:09:50.460,11,112
393,Fannie Hagenes,2013-10-06T06:43:35.744,7,131
394,Angelo Hilpert,2018-11-20T21:37:54.512,4,71
395,Ms. Johnny Koelpin,2019-06-28T04:31:46.593,7,157
396,Rochelle Cremin,2047-09-26T06:14:12.927,10,153
397,Mr. Alton Crooks,2038-06-03T00:31:59.791,10,168
398,Mrs. Barry Schmitt,2089-12-17T06:08:59.517,2,145
399,Michael Runolfsdottir,2042-04-10T22:40:54.433,3,125
400,Beulah Hermann,2093-05-21T05:39:11.576,10,49
401,Charlie Predovic,2027-11-10T09:46:22.037,1,153
402,Joe Baumbach,2065-01-29T18:55:45.410,8,31
403,Darrel Luettgen,1990-01-30T12:36:17.306,8,74
404,Salvatore Bechtelar,2043-08-05T01:57:37.189,12,139
405,Nathan Hilpert,2043-09-15T20:40:29.120,11,29
406,Peggy Walker V,2022-09-13T05:17:07.161,2,19
407,Seth Gutmann I,2096-12-16T02:25:06.687,9,88
408,Marlon Heathcote,2004-11-05T16:45:14.008,3,24
409,Dr. Dexter Torphy,2016-06-16T03:47:15.683,2,8
410,Mr. Faye Towne,2002-01-18T19:21:43.963,12,126
411,Rosalie Stroman,2005-11-03T11:22:51.951,7,115
412,Christopher McDermott,2062-03-13T09:11:18.628,5,160
413,Jackie Connelly DDS,1995-06-28T02:56:11.129,12,152
414,Toni Kuphal,2070-06-29T22:11:49.636,10,11
415,Forrest Schultz,2053-03-24T15:52:26.288,8,59
416,Marcus Maggio,2084-08-25T17:04:13.099,6,96
417,Erica O'Hara,2028-08-23T19:26:03.469,9,29
418,Mr. Boyd Bauch,2071-09-14T22:44:12.592,3,11
419,Ms. Pat Jast,2095-05-17T10:56:02.484,1,9
420,Marion Herman PhD,2057-09-20T13:28:58.974,5,97
421,Nicolas Kunde Sr.,2017-04-23T05:39:22.490,8,20
422,Clifton Jenkins,2065-10-12T00:45:28.558,3,61
423,Lillie Lockman,2023-02-20T19:54:58.936,8,97
424,Miss Leland Terry,2098-06-17T06:38:02.398,8,113
425,Mrs. Steven Runte MD,1995-09-14T19:45:06.009,4,106
426,Ms. Nina Altenwerth,2078-09-23T16:32:38.038,4,66
427,Hannah Schroeder Sr.,2062-10-30T10:01:00.603,1,50
428,Andy Rempel,2030-05-21T15:21:43.822,1,6
429,Elsa Hermann,2073-05-18T12:34:05.216,2,81
430,Beth Green,2049-07-06T16:41:13.301,1,130
431,Madeline Konopelski,2078-04-09T01:07:50.425,6,121
432,Brittany Goodwin,2014-07-19T22:27:57.516,11,160
433,Earnest Hagenes MD,2080-10-10T20:59:48.877,3,51
434,Elsie Sawayn,2001-12-17T15:11:01.824,2,72
435,Willie Walker,2044-07-16T00:46:43.418,5,52
436,Shane Goyette,2069-04-26T03:47:39.677,10,155
437,Latoya Howell,2030-06-13T17:53:20.916,3,43
438,Gina Pfannerstill,2055-05-28T09:06:57.841,5,41
439,Alice Weissnat,2044-06-21T16:44:52.038,7,79
440,Tyrone Crist,2063-10-16T11:29:54.201,3,80
441,Bruce Mosciski,1990-06-28T02:35:54.323,6,132
442,Mr. Thelma Jacobson,2043-08-09T02:30:58.690,6,31
443,Sonja Hegmann,2049-06-08T14:08:15.969,2,151
444,Erika Schowalter,2031-04-07T06:06:21.184,11,32
445,Jessie Dietrich,2019-09-12T09:23:45.636,5,68
446,Gladys Hagenes,2004-03-14T04:24:55.008,4,83
447,Cedric McLaughlin,2007-08-18T23:02:32.222,4,4
448,Irma Pagac,2099-03-18T07:22:28.982,10,35
449,Willis Koelpin III,2080-12-10T21:31:36.417,1,153
450,Lonnie Dickinson,2031-07-28T16:59:12.358,7,94
451,Bernadette Kessler,2011-09-19T16:38:04.527,5,47
452,Robin Fahey,2030-07-01T00:00:56.149,12,130
453,Hope Hintz,2006-06-22T04:03:17.811,7,111
454,Dean Olson,2052-05-14T22:53:43.050,4,120
455,Andres Durgan,2060-11-02T10:01:22.663,12,102
456,Shannon Mueller,2010-12-21T03:40:16.415,10,111
457,Gilbert Schuppe,2063-12-01T03:00:40.399,2,3
458,Dr. Austin Hills,1992-06-01T16:26:06.773,3,111
459,Olivia Thompson,2018-05-14T14:29:34.237,9,29
460,Miranda Hyatt,2026-09-14T01:06:02.891,5,175
461,Celia Pacocha,2078-08-12T08:50:44.127,4,118
462,Constance Leffler,2097-07-10T11:20:40.163,8,42
463,Rosemary Hermann,2019-03-25T16:22:14.522,3,71
464,Dr. Ann McLaughlin,2066-02-15T16:12:34.328,4,117
465,Juanita Hand,2042-04-22T05:41:33.152,10,110
466,Jessie O'Kon,2074-10-13T05:59:47.468,4,116
467,Damon Lowe,2034-06-10T05:37:21.882,12,154
468,Eduardo Rutherford,2042-09-01T05:13:27.102,8,39
469,Cary Emard,2048-09-10T12:34:47.101,12,100
470,Kelli Barton,2068-12-19T11:29:42.173,3,34
471,Corey Conn,2084-04-20T17:36:09.715,2,158
472,Robin Bednar,2043-11-18T05:21:47.262,5,44
473,Brandy Koch,2035-02-21T16:02:06.409,7,54
474,Gerald Jakubowski,2029-08-28T06:18:18.901,12,183
475,Kristin Kerluke,2070-01-16T10:08:06.021,1,156
476,Kara Daugherty,2061-11-10T19:32:07.067,9,50
477,Jenna Buckridge,2097-11-02T10:14:07.818,6,33
478,Lee Treutel,1997-02-28T08:38:55.973,5,161
479,Seth Cassin,2059-06-30T06:11:13.451,12,135
480,Jordan Stanton,2072-04-28T22:08:13.926,10,24
481,Guy Mosciski,2037-04-24T04:49:40.827,3,118
482,Lamar Harvey,2039-06-25T03:44:39.768,8,79
483,Rufus Rippin,2055-12-04T17:31:45.592,4,64
484,Sandy McCullough,2035-01-29T05:32:50.524,6,165
485,Homer O'Conner,2097-12-16T22:15:37.575,10,47
486,Laurie Herman,2045-09-24T20:15:26.489,3,176
487,Jamie Klein,2032-05-27T01:18:03.386,7,173
488,Rosemarie Smitham,2009-04-16T01:29:13.152,6,179
489,Joanna Hickle,1996-01-28T05:34:56.854,1,79
490,Patrick Hermann,2064-08-12T05:50:30.533,10,31
491,Loretta Rempel DVM,2021-10-09T10:22:49.062,11,53
492,Mr. Colin Fisher Jr.,2019-05-22T17:49:01.581,10,25
493,Darrell Harris,2011-02-28T14:03:19.982,11,107
494,Yvette Haley,2058-09-30T02:15:42.102,4,126
495,Shane Fay,2055-11-01T13:53:27.346,7,57
496,Luther Walsh,2001-10-27T06:38:11.457,6,109
497,Harold Gibson,2075-09-22T19:46:46.059,10,59
498,Janis DuBuque,2031-05-19T18:38:02.404,9,124
499,Martha Frami,2014-12-27T13:13:46.142,8,34
500,Leslie Oberbrunner,2018-03-30T16:28:42.582,7,145
